-- phpMyAdmin SQL Dump
-- version 5.2.1
-- https://www.phpmyadmin.net/
--
-- Host: localhost
-- Creato il: Gen 30, 2026 alle 15:53
-- Versione del server: 10.4.28-MariaDB
-- Versione PHP: 8.2.4

SET SQL_MODE = "NO_AUTO_VALUE_ON_ZERO";
START TRANSACTION;
SET time_zone = "+00:00";


/*!40101 SET @OLD_CHARACTER_SET_CLIENT=@@CHARACTER_SET_CLIENT */;
/*!40101 SET @OLD_CHARACTER_SET_RESULTS=@@CHARACTER_SET_RESULTS */;
/*!40101 SET @OLD_COLLATION_CONNECTION=@@COLLATION_CONNECTION */;
/*!40101 SET NAMES utf8mb4 */;

--
-- Database: `hh102_labour_modello_coretto`
--

-- --------------------------------------------------------

--
-- Struttura della tabella `alignedevent`
--

CREATE TABLE `alignedevent` (
  `posTrace` varchar(11) NOT NULL DEFAULT '',
  `class` varchar(500) NOT NULL DEFAULT '',
  `trace` varchar(11) NOT NULL DEFAULT '',
  `traceid` varchar(500) NOT NULL,
  `timestamp` varchar(100) DEFAULT NULL,
  `kind` varchar(100) NOT NULL
) ENGINE=InnoDB DEFAULT CHARSET=latin1 COLLATE=latin1_swedish_ci COMMENT='eventwabototal';

--
-- Dump dei dati per la tabella `alignedevent`
--

INSERT INTO `alignedevent` (`posTrace`, `class`, `trace`, `traceid`, `timestamp`, `kind`) VALUES
('1', 'START', '9', '151', 'NULL', '[L/M'),
('2', 'toilet', '9', '151', 'NULL', '[L/M'),
('3', 'sleep', '9', '151', 'NULL', '[L/M'),
('4', 'toilet', '9', '151', 'NULL', '[L/M'),
('5', 'sleep', '9', '151', 'NULL', '[L/M'),
('6', 'toilet', '9', '151', 'NULL', '[L/M'),
('7', 'sleep', '9', '151', 'NULL', '[L/M'),
('8', 'relax', '9', '151', 'NULL', '[L/M'),
('9', 'mealpreperation', '9', '151', 'NULL', '[L/M'),
('10', 'relax', '9', '151', 'NULL', '[L/M'),
('11', 'toilet', '9', '151', 'NULL', '[L/M'),
('12', 'work', '9', '151', 'NULL', '[L/M'),
('13', 'personalhygiene', '9', '151', 'NULL', '[L/M'),
('14', 'groom', '9', '151', 'NULL', '[L/M'),
('15', 'personalhygiene', '9', '151', 'NULL', '[L/M'),
('16', 'snack', '9', '151', 'NULL', '[L/M'),
('17', 'mealpreperation', '9', '151', 'NULL', '[M-REAL'),
('18', 'eatingdrinking', '9', '151', 'NULL', '[L/M'),
('19', 'cleaning', '9', '151', 'NULL', '[L/M'),
('20', 'relax', '9', '151', 'NULL', '[L/M'),
('21', 'snack', '9', '151', 'NULL', '[L/M'),
('22', 'relax', '9', '151', 'NULL', '[L/M'),
('23', 'toilet', '9', '151', 'NULL', '[L/M'),
('24', 'relax', '9', '151', 'NULL', '[L/M'),
('25', 'snack', '9', '151', 'NULL', '[L/M'),
('26', 'relax', '9', '151', 'NULL', '[L/M'),
('27', 'snack', '9', '151', 'NULL', '[L/M'),
('28', 'mealpreperation', '9', '151', 'NULL', '[M-REAL'),
('29', 'eatingdrinking', '9', '151', 'NULL', '[L/M'),
('30', 'cleaning', '9', '151', 'NULL', '[L/M'),
('31', 'relax', '9', '151', 'NULL', '[L/M'),
('32', 'personalhygiene', '9', '151', 'NULL', '[L/M'),
('33', 'relax', '9', '151', 'NULL', '[L/M'),
('34', 'outdoors', '9', '151', 'NULL', '[L/M'),
('35', 'toilet', '9', '151', 'NULL', '[L/M'),
('36', 'personalhygiene', '9', '151', 'NULL', '[L/M'),
('37', 'sleep', '9', '151', 'NULL', '[L/M'),
('38', 'END', '9', '151', 'NULL', '[L/M'),
('1', 'START', '8', '141', 'NULL', '[L/M'),
('2', 'toilet', '8', '141', 'NULL', '[L/M'),
('3', 'sleep', '8', '141', 'NULL', '[L/M'),
('4', 'toilet', '8', '141', 'NULL', '[L/M'),
('5', 'sleep', '8', '141', 'NULL', '[L/M'),
('6', 'toilet', '8', '141', 'NULL', '[L/M'),
('7', 'sleep', '8', '141', 'NULL', '[L/M'),
('8', 'relax', '8', '141', 'NULL', '[L/M'),
('9', 'mealpreperation', '8', '141', 'NULL', '[L'),
('10', 'personalhygiene', '8', '141', 'NULL', '[L/M'),
('11', 'dress', '8', '141', 'NULL', '[L/M'),
('12', 'groom', '8', '141', 'NULL', '[L/M'),
('13', 'outdoors', '8', '141', 'NULL', '[L/M'),
('14', 'toilet', '8', '141', 'NULL', '[L/M'),
('15', 'outdoors', '8', '141', 'NULL', '[L/M'),
('16', 'relax', '8', '141', 'NULL', '[L/M'),
('17', 'outdoors', '8', '141', 'NULL', '[L/M'),
('18', 'toilet', '8', '141', 'NULL', '[L/M'),
('19', 'relax', '8', '141', 'NULL', '[L/M'),
('20', 'mealpreperation', '8', '141', 'NULL', '[L/M'),
('21', 'eatingdrinking', '8', '141', 'NULL', '[L/M'),
('22', 'relax', '8', '141', 'NULL', '[M-REAL'),
('23', 'outdoors', '8', '141', 'NULL', '[L/M'),
('24', 'sleep', '8', '141', 'NULL', '[L/M'),
('25', 'relax', '8', '141', 'NULL', '[L/M'),
('26', 'personalhygiene', '8', '141', 'NULL', '[L/M'),
('27', 'relax', '8', '141', 'NULL', '[L/M'),
('28', 'snack', '8', '141', 'NULL', '[L/M'),
('29', 'mealpreperation', '8', '141', 'NULL', '[L/M'),
('30', 'eatingdrinking', '8', '141', 'NULL', '[L/M'),
('31', 'cleaning', '8', '141', 'NULL', '[L/M'),
('32', 'relax', '8', '141', 'NULL', '[L/M'),
('33', 'snack', '8', '141', 'NULL', '[L/M'),
('34', 'relax', '8', '141', 'NULL', '[L/M'),
('35', 'read', '8', '141', 'NULL', '[L'),
('36', 'personalhygiene', '8', '141', 'NULL', '[L/M'),
('37', 'sleep', '8', '141', 'NULL', '[L/M'),
('38', 'END', '8', '141', 'NULL', '[L/M'),
('1', 'START', '1', '11', 'NULL', '[L/M'),
('2', 'sleep', '1', '11', 'NULL', '[L/M'),
('3', 'toilet', '1', '11', 'NULL', '[L/M'),
('4', 'sleep', '1', '11', 'NULL', '[L/M'),
('5', 'toilet', '1', '11', 'NULL', '[L/M'),
('6', 'dress', '1', '11', 'NULL', '[L/M'),
('7', 'sleep', '1', '11', 'NULL', '[L/M'),
('8', 'toilet', '1', '11', 'NULL', '[L/M'),
('9', 'mealpreperation', '1', '11', 'NULL', '[L/M'),
('10', 'eatingdrinking', '1', '11', 'NULL', '[L/M'),
('11', 'cleaning', '1', '11', 'NULL', '[L/M'),
('12', 'relax', '1', '11', 'NULL', '[L/M'),
('13', 'personalhygiene', '1', '11', 'NULL', '[L/M'),
('14', 'work', '1', '11', 'NULL', '[L/M'),
('15', 'bathe', '1', '11', 'NULL', '[L'),
('16', 'groom', '1', '11', 'NULL', '[L/M'),
('17', 'toilet', '1', '11', 'NULL', '[L/M'),
('18', 'mealpreperation', '1', '11', 'NULL', '[L/M'),
('19', 'eatingdrinking', '1', '11', 'NULL', '[L/M'),
('20', 'cleaning', '1', '11', 'NULL', '[L/M'),
('21', 'read', '1', '11', 'NULL', '[L'),
('22', 'relax', '1', '11', 'NULL', '[L/M'),
('23', 'toilet', '1', '11', 'NULL', '[L/M'),
('24', 'personalhygiene', '1', '11', 'NULL', '[L/M'),
('25', 'snack', '1', '11', 'NULL', '[L/M'),
('26', 'personalhygiene', '1', '11', 'NULL', '[L/M'),
('27', 'watchtv', '1', '11', 'NULL', '[L'),
('28', 'outdoors', '1', '11', 'NULL', '[L/M'),
('29', 'mealpreperation', '1', '11', 'NULL', '[L/M'),
('30', 'eatingdrinking', '1', '11', 'NULL', '[L/M'),
('31', 'relax', '1', '11', 'NULL', '[L/M'),
('32', 'cleaning', '1', '11', 'NULL', '[L'),
('33', 'personalhygiene', '1', '11', 'NULL', '[L/M'),
('34', 'outdoors', '1', '11', 'NULL', '[L/M'),
('35', 'snack', '1', '11', 'NULL', '[L/M'),
('36', 'relax', '1', '11', 'NULL', '[L/M'),
('37', 'cleaning', '1', '11', 'NULL', '[L'),
('38', 'relax', '1', '11', 'NULL', '[L/M'),
('39', 'personalhygiene', '1', '11', 'NULL', '[L/M'),
('40', 'sleep', '1', '11', 'NULL', '[L/M'),
('41', 'END', '1', '11', 'NULL', '[L/M'),
('1', 'START', '12', '221', 'NULL', '[L/M'),
('2', 'toilet', '12', '221', 'NULL', '[L/M'),
('3', 'sleep', '12', '221', 'NULL', '[L/M'),
('4', 'toilet', '12', '221', 'NULL', '[L/M'),
('5', 'sleep', '12', '221', 'NULL', '[L/M'),
('6', 'personalhygiene', '12', '221', 'NULL', '[L/M'),
('7', 'relax', '12', '221', 'NULL', '[L/M'),
('8', 'mealpreperation', '12', '221', 'NULL', '[L/M'),
('9', 'relax', '12', '221', 'NULL', '[L/M'),
('10', 'work', '12', '221', 'NULL', '[L/M'),
('11', 'groom', '12', '221', 'NULL', '[L/M'),
('12', 'personalhygiene', '12', '221', 'NULL', '[L/M'),
('13', 'groom', '12', '221', 'NULL', '[L/M'),
('14', 'personalhygiene', '12', '221', 'NULL', '[L/M'),
('15', 'outdoors', '12', '221', 'NULL', '[L/M'),
('16', 'relax', '12', '221', 'NULL', '[L/M'),
('17', 'outdoors', '12', '221', 'NULL', '[L/M'),
('18', 'relax', '12', '221', 'NULL', '[L/M'),
('19', 'outdoors', '12', '221', 'NULL', '[L/M'),
('20', 'relax', '12', '221', 'NULL', '[L/M'),
('21', 'personalhygiene', '12', '221', 'NULL', '[L/M'),
('22', 'outdoors', '12', '221', 'NULL', '[L/M'),
('23', 'sleep', '12', '221', 'NULL', '[L/M'),
('24', 'relax', '12', '221', 'NULL', '[L/M'),
('25', 'sleep', '12', '221', 'NULL', '[L/M'),
('26', 'toilet', '12', '221', 'NULL', '[L/M'),
('27', 'snack', '12', '221', 'NULL', '[L/M'),
('28', 'eatingdrinking', '12', '221', 'NULL', '[L'),
('29', 'relax', '12', '221', 'NULL', '[L/M'),
('30', 'cleaning', '12', '221', 'NULL', '[L'),
('31', 'work', '12', '221', 'NULL', '[L/M'),
('32', 'groom', '12', '221', 'NULL', '[L/M'),
('33', 'relax', '12', '221', 'NULL', '[L/M'),
('34', 'groom', '12', '221', 'NULL', '[L'),
('35', 'personalhygiene', '12', '221', 'NULL', '[L/M'),
('36', 'sleep', '12', '221', 'NULL', '[L/M'),
('37', 'END', '12', '221', 'NULL', '[L/M'),
('1', 'START', '7', '131', 'NULL', '[L/M'),
('2', 'toilet', '7', '131', 'NULL', '[L/M'),
('3', 'sleep', '7', '131', 'NULL', '[L/M'),
('4', 'medication', '7', '131', 'NULL', '[L'),
('5', 'sleep', '7', '131', 'NULL', '[L/M'),
('6', 'toilet', '7', '131', 'NULL', '[L/M'),
('7', 'personalhygiene', '7', '131', 'NULL', '[L/M'),
('8', 'relax', '7', '131', 'NULL', '[L/M'),
('9', 'mealpreperation', '7', '131', 'NULL', '[L/M'),
('10', 'eatingdrinking', '7', '131', 'NULL', '[L/M'),
('11', 'cleaning', '7', '131', 'NULL', '[L/M'),
('12', 'relax', '7', '131', 'NULL', '[L/M'),
('13', 'personalhygiene', '7', '131', 'NULL', '[L/M'),
('14', 'groom', '7', '131', 'NULL', '[L/M'),
('15', 'personalhygiene', '7', '131', 'NULL', '[L/M'),
('16', 'relax', '7', '131', 'NULL', '[L/M'),
('17', 'personalhygiene', '7', '131', 'NULL', '[L/M'),
('18', 'relax', '7', '131', 'NULL', '[L/M'),
('19', 'snack', '7', '131', 'NULL', '[L/M'),
('20', 'personalhygiene', '7', '131', 'NULL', '[L/M'),
('21', 'relax', '7', '131', 'NULL', '[L/M'),
('22', 'personalhygiene', '7', '131', 'NULL', '[L/M'),
('23', 'toilet', '7', '131', 'NULL', '[L/M'),
('24', 'relax', '7', '131', 'NULL', '[L/M'),
('25', 'personalhygiene', '7', '131', 'NULL', '[L/M'),
('26', 'outdoors', '7', '131', 'NULL', '[L/M'),
('27', 'relax', '7', '131', 'NULL', '[L/M'),
('28', 'mealpreperation', '7', '131', 'NULL', '[L/M'),
('29', 'eatingdrinking', '7', '131', 'NULL', '[L/M'),
('30', 'relax', '7', '131', 'NULL', '[L/M'),
('31', 'snack', '7', '131', 'NULL', '[L/M'),
('32', 'read', '7', '131', 'NULL', '[L'),
('33', 'personalhygiene', '7', '131', 'NULL', '[L/M'),
('34', 'sleep', '7', '131', 'NULL', '[L/M'),
('35', 'END', '7', '131', 'NULL', '[L/M'),
('1', 'START', '2', '21', 'NULL', '[L/M'),
('2', 'toilet', '2', '21', 'NULL', '[L/M'),
('3', 'sleep', '2', '21', 'NULL', '[L/M'),
('4', 'snack', '2', '21', 'NULL', '[L/M'),
('5', 'relax', '2', '21', 'NULL', '[L/M'),
('6', 'mealpreperation', '2', '21', 'NULL', '[L'),
('7', 'bathe', '2', '21', 'NULL', '[L/M'),
('8', 'dress', '2', '21', 'NULL', '[L/M'),
('9', 'personalhygiene', '2', '21', 'NULL', '[L/M'),
('10', 'outdoors', '2', '21', 'NULL', '[L/M'),
('11', 'snack', '2', '21', 'NULL', '[L/M'),
('12', 'mealpreperation', '2', '21', 'NULL', '[L/M'),
('13', 'eatingdrinking', '2', '21', 'NULL', '[L/M'),
('14', 'cleaning', '2', '21', 'NULL', '[L/M'),
('15', 'relax', '2', '21', 'NULL', '[M-REAL'),
('16', 'work', '2', '21', 'NULL', '[L/M'),
('17', 'sleep', '2', '21', 'NULL', '[L/M'),
('18', 'toilet', '2', '21', 'NULL', '[L/M'),
('19', 'outdoors', '2', '21', 'NULL', '[L/M'),
('20', 'work', '2', '21', 'NULL', '[L/M'),
('21', 'snack', '2', '21', 'NULL', '[L/M'),
('22', 'relax', '2', '21', 'NULL', '[L/M'),
('23', 'outdoors', '2', '21', 'NULL', '[L/M'),
('24', 'snack', '2', '21', 'NULL', '[L/M'),
('25', 'relax', '2', '21', 'NULL', '[L/M'),
('26', 'mealpreperation', '2', '21', 'NULL', '[L/M'),
('27', 'eatingdrinking', '2', '21', 'NULL', '[L/M'),
('28', 'cleaning', '2', '21', 'NULL', '[L/M'),
('29', 'relax', '2', '21', 'NULL', '[M-REAL'),
('30', 'watchtv', '2', '21', 'NULL', '[L'),
('31', 'snack', '2', '21', 'NULL', '[L/M'),
('32', 'toilet', '2', '21', 'NULL', '[L/M'),
('33', 'snack', '2', '21', 'NULL', '[L/M'),
('34', 'toilet', '2', '21', 'NULL', '[L/M'),
('35', 'relax', '2', '21', 'NULL', '[L/M'),
('36', 'personalhygiene', '2', '21', 'NULL', '[L/M'),
('37', 'sleep', '2', '21', 'NULL', '[L/M'),
('38', 'END', '2', '21', 'NULL', '[L/M'),
('1', 'START', '10', '161', 'NULL', '[L/M'),
('2', 'toilet', '10', '161', 'NULL', '[L/M'),
('3', 'sleep', '10', '161', 'NULL', '[L/M'),
('4', 'toilet', '10', '161', 'NULL', '[L/M'),
('5', 'sleep', '10', '161', 'NULL', '[L/M'),
('6', 'relax', '10', '161', 'NULL', '[L/M'),
('7', 'mealpreperation', '10', '161', 'NULL', '[L/M'),
('8', 'eatingdrinking', '10', '161', 'NULL', '[L/M'),
('9', 'cleaning', '10', '161', 'NULL', '[L/M'),
('10', 'relax', '10', '161', 'NULL', '[M-REAL'),
('11', 'personalhygiene', '10', '161', 'NULL', '[L/M'),
('12', 'bathe', '10', '161', 'NULL', '[L/M'),
('13', 'personalhygiene', '10', '161', 'NULL', '[L/M'),
('14', 'groom', '10', '161', 'NULL', '[L/M'),
('15', 'personalhygiene', '10', '161', 'NULL', '[L/M'),
('16', 'snack', '10', '161', 'NULL', '[L/M'),
('17', 'toilet', '10', '161', 'NULL', '[L/M'),
('18', 'relax', '10', '161', 'NULL', '[L/M'),
('19', 'toilet', '10', '161', 'NULL', '[L/M'),
('20', 'outdoors', '10', '161', 'NULL', '[L/M'),
('21', 'snack', '10', '161', 'NULL', '[L/M'),
('22', 'relax', '10', '161', 'NULL', '[L/M'),
('23', 'mealpreperation', '10', '161', 'NULL', '[L/M'),
('24', 'eatingdrinking', '10', '161', 'NULL', '[L/M'),
('25', 'cleaning', '10', '161', 'NULL', '[L/M'),
('26', 'relax', '10', '161', 'NULL', '[L/M'),
('27', 'snack', '10', '161', 'NULL', '[L/M'),
('28', 'groom', '10', '161', 'NULL', '[L'),
('29', 'personalhygiene', '10', '161', 'NULL', '[L/M'),
('30', 'sleep', '10', '161', 'NULL', '[L/M'),
('31', 'toilet', '10', '161', 'NULL', '[L/M'),
('32', 'sleep', '10', '161', 'NULL', '[L/M'),
('33', 'END', '10', '161', 'NULL', '[L/M'),
('1', 'START', '11', '201', 'NULL', '[L/M'),
('2', 'toilet', '11', '201', 'NULL', '[L/M'),
('3', 'sleep', '11', '201', 'NULL', '[L/M'),
('4', 'toilet', '11', '201', 'NULL', '[L/M'),
('5', 'sleep', '11', '201', 'NULL', '[L/M'),
('6', 'toilet', '11', '201', 'NULL', '[L/M'),
('7', 'personalhygiene', '11', '201', 'NULL', '[L/M'),
('8', 'outdoors', '11', '201', 'NULL', '[L/M'),
('9', 'medication', '11', '201', 'NULL', '[L'),
('10', 'bathe', '11', '201', 'NULL', '[L/M'),
('11', 'dress', '11', '201', 'NULL', '[L/M'),
('12', 'personalhygiene', '11', '201', 'NULL', '[L/M'),
('13', 'toilet', '11', '201', 'NULL', '[L/M'),
('14', 'relax', '11', '201', 'NULL', '[L/M'),
('15', 'mealpreperation', '11', '201', 'NULL', '[L/M'),
('16', 'eatingdrinking', '11', '201', 'NULL', '[L/M'),
('17', 'cleaning', '11', '201', 'NULL', '[L/M'),
('18', 'relax', '11', '201', 'NULL', '[L/M'),
('19', 'toilet', '11', '201', 'NULL', '[L/M'),
('20', 'relax', '11', '201', 'NULL', '[L/M'),
('21', 'snack', '11', '201', 'NULL', '[L/M'),
('22', 'relax', '11', '201', 'NULL', '[L/M'),
('23', 'personalhygiene', '11', '201', 'NULL', '[L/M'),
('24', 'toilet', '11', '201', 'NULL', '[L/M'),
('25', 'outdoors', '11', '201', 'NULL', '[L/M'),
('26', 'personalhygiene', '11', '201', 'NULL', '[L/M'),
('27', 'relax', '11', '201', 'NULL', '[L/M'),
('28', 'watchtv', '11', '201', 'NULL', '[L'),
('29', 'personalhygiene', '11', '201', 'NULL', '[L/M'),
('30', 'toilet', '11', '201', 'NULL', '[L/M'),
('31', 'sleep', '11', '201', 'NULL', '[L/M'),
('32', 'END', '11', '201', 'NULL', '[L/M'),
('1', 'START', '13', '231', 'NULL', '[L/M'),
('2', 'toilet', '13', '231', 'NULL', '[L/M'),
('3', 'sleep', '13', '231', 'NULL', '[L/M'),
('4', 'toilet', '13', '231', 'NULL', '[L/M'),
('5', 'sleep', '13', '231', 'NULL', '[L/M'),
('6', 'toilet', '13', '231', 'NULL', '[L/M'),
('7', 'relax', '13', '231', 'NULL', '[L/M'),
('8', 'mealpreperation', '13', '231', 'NULL', '[L'),
('9', 'personalhygiene', '13', '231', 'NULL', '[L/M'),
('10', 'dress', '13', '231', 'NULL', '[L/M'),
('11', 'personalhygiene', '13', '231', 'NULL', '[L/M'),
('12', 'outdoors', '13', '231', 'NULL', '[L/M'),
('13', 'snack', '13', '231', 'NULL', '[L/M'),
('14', 'eatingdrinking', '13', '231', 'NULL', '[L'),
('15', 'personalhygiene', '13', '231', 'NULL', '[L/M'),
('16', 'outdoors', '13', '231', 'NULL', '[L/M'),
('17', 'relax', '13', '231', 'NULL', '[L/M'),
('18', 'work', '13', '231', 'NULL', '[L/M'),
('19', 'personalhygiene', '13', '231', 'NULL', '[L/M'),
('20', 'snack', '13', '231', 'NULL', '[L/M'),
('21', 'personalhygiene', '13', '231', 'NULL', '[L/M'),
('22', 'outdoors', '13', '231', 'NULL', '[L/M'),
('23', 'mealpreperation', '13', '231', 'NULL', '[L/M'),
('24', 'eatingdrinking', '13', '231', 'NULL', '[L/M'),
('25', 'outdoors', '13', '231', 'NULL', '[L'),
('26', 'cleaning', '13', '231', 'NULL', '[L/M'),
('27', 'outdoors', '13', '231', 'NULL', '[L'),
('28', 'relax', '13', '231', 'NULL', '[L/M'),
('29', 'outdoors', '13', '231', 'NULL', '[L/M'),
('30', 'personalhygiene', '13', '231', 'NULL', '[L/M'),
('31', 'sleep', '13', '231', 'NULL', '[L/M'),
('32', 'END', '13', '231', 'NULL', '[L/M'),
('1', 'START', '3', '31', 'NULL', '[L/M'),
('2', 'toilet', '3', '31', 'NULL', '[L/M'),
('3', 'sleep', '3', '31', 'NULL', '[L/M'),
('4', 'medication', '3', '31', 'NULL', '[L'),
('5', 'sleep', '3', '31', 'NULL', '[L/M'),
('6', 'toilet', '3', '31', 'NULL', '[L/M'),
('7', 'mealpreperation', '3', '31', 'NULL', '[L/M'),
('8', 'relax', '3', '31', 'NULL', '[L/M'),
('9', 'toilet', '3', '31', 'NULL', '[L/M'),
('10', 'mealpreperation', '3', '31', 'NULL', '[L/M'),
('11', 'relax', '3', '31', 'NULL', '[L/M'),
('12', 'toilet', '3', '31', 'NULL', '[L/M'),
('13', 'snack', '3', '31', 'NULL', '[L/M'),
('14', 'eatingdrinking', '3', '31', 'NULL', '[L'),
('15', 'cleaning', '3', '31', 'NULL', '[L'),
('16', 'work', '3', '31', 'NULL', '[L/M'),
('17', 'relax', '3', '31', 'NULL', '[L/M'),
('18', 'snack', '3', '31', 'NULL', '[L/M'),
('19', 'relax', '3', '31', 'NULL', '[L/M'),
('20', 'personalhygiene', '3', '31', 'NULL', '[L/M'),
('21', 'relax', '3', '31', 'NULL', '[L/M'),
('22', 'toilet', '3', '31', 'NULL', '[L/M'),
('23', 'snack', '3', '31', 'NULL', '[L/M'),
('24', 'relax', '3', '31', 'NULL', '[L/M'),
('25', 'mealpreperation', '3', '31', 'NULL', '[L/M'),
('26', 'eatingdrinking', '3', '31', 'NULL', '[L/M'),
('27', 'cleaning', '3', '31', 'NULL', '[L/M'),
('28', 'relax', '3', '31', 'NULL', '[M-REAL'),
('29', 'watchtv', '3', '31', 'NULL', '[L'),
('30', 'snack', '3', '31', 'NULL', '[L/M'),
('31', 'watchtv', '3', '31', 'NULL', '[L'),
('32', 'personalhygiene', '3', '31', 'NULL', '[L/M'),
('33', 'read', '3', '31', 'NULL', '[L'),
('34', 'sleep', '3', '31', 'NULL', '[L/M'),
('35', 'END', '3', '31', 'NULL', '[L/M'),
('1', 'START', '4', '61', 'NULL', '[L/M'),
('2', 'sleep', '4', '61', 'NULL', '[L/M'),
('3', 'toilet', '4', '61', 'NULL', '[L/M'),
('4', 'sleep', '4', '61', 'NULL', '[L/M'),
('5', 'personalhygiene', '4', '61', 'NULL', '[L/M'),
('6', 'sleep', '4', '61', 'NULL', '[L/M'),
('7', 'relax', '4', '61', 'NULL', '[L/M'),
('8', 'mealpreperation', '4', '61', 'NULL', '[L/M'),
('9', 'eatingdrinking', '4', '61', 'NULL', '[L/M'),
('10', 'relax', '4', '61', 'NULL', '[L/M'),
('11', 'personalhygiene', '4', '61', 'NULL', '[L/M'),
('12', 'outdoors', '4', '61', 'NULL', '[L/M'),
('13', 'relax', '4', '61', 'NULL', '[L/M'),
('14', 'outdoors', '4', '61', 'NULL', '[L/M'),
('15', 'sleep', '4', '61', 'NULL', '[L/M'),
('16', 'toilet', '4', '61', 'NULL', '[L/M'),
('17', 'work', '4', '61', 'NULL', '[L/M'),
('18', 'relax', '4', '61', 'NULL', '[L/M'),
('19', 'mealpreperation', '4', '61', 'NULL', '[L/M'),
('20', 'eatingdrinking', '4', '61', 'NULL', '[L/M'),
('21', 'relax', '4', '61', 'NULL', '[L'),
('22', 'cleaning', '4', '61', 'NULL', '[L/M'),
('23', 'relax', '4', '61', 'NULL', '[L/M'),
('24', 'personalhygiene', '4', '61', 'NULL', '[L/M'),
('25', 'groom', '4', '61', 'NULL', '[L/M'),
('26', 'personalhygiene', '4', '61', 'NULL', '[L/M'),
('27', 'sleep', '4', '61', 'NULL', '[L/M'),
('28', 'END', '4', '61', 'NULL', '[L/M'),
('1', 'START', '14', '241', 'NULL', '[L/M'),
('2', 'toilet', '14', '241', 'NULL', '[L/M'),
('3', 'sleep', '14', '241', 'NULL', '[L/M'),
('4', 'toilet', '14', '241', 'NULL', '[L/M'),
('5', 'sleep', '14', '241', 'NULL', '[L/M'),
('6', 'mealpreperation', '14', '241', 'NULL', '[L/M'),
('7', 'eatingdrinking', '14', '241', 'NULL', '[L/M'),
('8', 'relax', '14', '241', 'NULL', '[M-REAL'),
('9', 'personalhygiene', '14', '241', 'NULL', '[L/M'),
('10', 'dress', '14', '241', 'NULL', '[L/M'),
('11', 'personalhygiene', '14', '241', 'NULL', '[L/M'),
('12', 'groom', '14', '241', 'NULL', '[L/M'),
('13', 'outdoors', '14', '241', 'NULL', '[L/M'),
('14', 'toilet', '14', '241', 'NULL', '[L/M'),
('15', 'snack', '14', '241', 'NULL', '[L/M'),
('16', 'relax', '14', '241', 'NULL', '[L/M'),
('17', 'outdoors', '14', '241', 'NULL', '[L/M'),
('18', 'snack', '14', '241', 'NULL', '[L/M'),
('19', 'relax', '14', '241', 'NULL', '[L/M'),
('20', 'cleaning', '14', '241', 'NULL', '[L'),
('21', 'mealpreperation', '14', '241', 'NULL', '[L/M'),
('22', 'eatingdrinking', '14', '241', 'NULL', '[L/M'),
('23', 'personalhygiene', '14', '241', 'NULL', '[L'),
('24', 'read', '14', '241', 'NULL', '[L'),
('25', 'relax', '14', '241', 'NULL', '[L/M'),
('26', 'personalhygiene', '14', '241', 'NULL', '[L/M'),
('27', 'sleep', '14', '241', 'NULL', '[L/M'),
('28', 'END', '14', '241', 'NULL', '[L/M'),
('1', 'START', '5', '71', 'NULL', '[L/M'),
('2', 'toilet', '5', '71', 'NULL', '[L/M'),
('3', 'sleep', '5', '71', 'NULL', '[L/M'),
('4', 'toilet', '5', '71', 'NULL', '[L/M'),
('5', 'sleep', '5', '71', 'NULL', '[L/M'),
('6', 'relax', '5', '71', 'NULL', '[L/M'),
('7', 'mealpreperation', '5', '71', 'NULL', '[L'),
('8', 'work', '5', '71', 'NULL', '[L/M'),
('9', 'personalhygiene', '5', '71', 'NULL', '[L/M'),
('10', 'toilet', '5', '71', 'NULL', '[L/M'),
('11', 'outdoors', '5', '71', 'NULL', '[L/M'),
('12', 'toilet', '5', '71', 'NULL', '[L/M'),
('13', 'relax', '5', '71', 'NULL', '[L/M'),
('14', 'toilet', '5', '71', 'NULL', '[L/M'),
('15', 'snack', '5', '71', 'NULL', '[L/M'),
('16', 'relax', '5', '71', 'NULL', '[L/M'),
('17', 'mealpreperation', '5', '71', 'NULL', '[L/M'),
('18', 'relax', '5', '71', 'NULL', '[L/M'),
('19', 'cleaning', '5', '71', 'NULL', '[L'),
('20', 'personalhygiene', '5', '71', 'NULL', '[L/M'),
('21', 'read', '5', '71', 'NULL', '[L'),
('22', 'personalhygiene', '5', '71', 'NULL', '[L/M'),
('23', 'sleep', '5', '71', 'NULL', '[L/M'),
('24', 'END', '5', '71', 'NULL', '[L/M'),
('1', 'START', '6', '91', 'NULL', '[L/M'),
('2', 'toilet', '6', '91', 'NULL', '[L/M'),
('3', 'relax', '6', '91', 'NULL', '[L/M'),
('4', 'mealpreperation', '6', '91', 'NULL', '[L'),
('5', 'groom', '6', '91', 'NULL', '[L'),
('6', 'bathe', '6', '91', 'NULL', '[L/M'),
('7', 'dress', '6', '91', 'NULL', '[L/M'),
('8', 'personalhygiene', '6', '91', 'NULL', '[L/M'),
('9', 'outdoors', '6', '91', 'NULL', '[L/M'),
('10', 'snack', '6', '91', 'NULL', '[L/M'),
('11', 'eatingdrinking', '6', '91', 'NULL', '[L'),
('12', 'personalhygiene', '6', '91', 'NULL', '[L/M'),
('13', 'outdoors', '6', '91', 'NULL', '[L/M'),
('14', 'relax', '6', '91', 'NULL', '[L/M'),
('15', 'snack', '6', '91', 'NULL', '[L/M'),
('16', 'relax', '6', '91', 'NULL', '[L/M'),
('17', 'mealpreperation', '6', '91', 'NULL', '[L/M'),
('18', 'eatingdrinking', '6', '91', 'NULL', '[L/M'),
('19', 'personalhygiene', '6', '91', 'NULL', '[L'),
('20', 'relax', '6', '91', 'NULL', '[L/M'),
('21', 'personalhygiene', '6', '91', 'NULL', '[L/M'),
('22', 'sleep', '6', '91', 'NULL', '[L/M'),
('23', 'END', '6', '91', 'NULL', '[L/M');

-- --------------------------------------------------------

--
-- Struttura della tabella `alignments`
--

CREATE TABLE `alignments` (
  `traceId` varchar(100) NOT NULL,
  `alignment` text NOT NULL
) ENGINE=InnoDB DEFAULT CHARSET=latin1 COLLATE=latin1_swedish_ci;

-- --------------------------------------------------------

--
-- Struttura della tabella `anomalies`
--

CREATE TABLE `anomalies` (
  `id` int(11) NOT NULL,
  `posEvent` int(11) NOT NULL,
  `numTrace` int(11) NOT NULL,
  `type` varchar(50) NOT NULL,
  `eventclass` varchar(500) NOT NULL
) ENGINE=InnoDB DEFAULT CHARSET=latin1 COLLATE=latin1_swedish_ci;

--
-- Dump dei dati per la tabella `anomalies`
--

INSERT INTO `anomalies` (`id`, `posEvent`, `numTrace`, `type`, `eventclass`) VALUES
(1, 15, 1, 'insertion', 'bathe'),
(2, 21, 1, 'insertion', 'read'),
(3, 27, 1, 'insertion', 'watchtv'),
(4, 32, 1, 'insertion', 'cleaning'),
(5, 37, 1, 'insertion', 'cleaning'),
(6, 6, 2, 'insertion', 'mealpreperation'),
(7, 15, 2, 'deletion', 'relax'),
(8, 28, 2, 'deletion', 'relax'),
(9, 28, 2, 'insertion', 'watchtv'),
(10, 4, 3, 'insertion', 'medication'),
(11, 14, 3, 'insertion', 'eatingdrinking'),
(12, 15, 3, 'insertion', 'cleaning'),
(13, 28, 3, 'deletion', 'relax'),
(14, 28, 3, 'insertion', 'watchtv'),
(15, 30, 3, 'insertion', 'watchtv'),
(16, 32, 3, 'insertion', 'read'),
(17, 21, 4, 'insertion', 'relax'),
(18, 7, 5, 'insertion', 'mealpreperation'),
(19, 19, 5, 'insertion', 'cleaning'),
(20, 21, 5, 'insertion', 'read'),
(21, 4, 6, 'insertion', 'mealpreperation'),
(22, 5, 6, 'insertion', 'groom'),
(23, 11, 6, 'insertion', 'eatingdrinking'),
(24, 19, 6, 'insertion', 'personalhygiene'),
(25, 4, 7, 'insertion', 'medication'),
(26, 32, 7, 'insertion', 'read'),
(27, 9, 8, 'insertion', 'mealpreperation'),
(28, 22, 8, 'deletion', 'relax'),
(29, 34, 8, 'insertion', 'read'),
(30, 17, 9, 'deletion', 'mealpreperation'),
(31, 27, 9, 'deletion', 'mealpreperation'),
(32, 10, 10, 'deletion', 'relax'),
(33, 27, 10, 'insertion', 'groom'),
(34, 9, 11, 'insertion', 'medication'),
(35, 28, 11, 'insertion', 'watchtv'),
(36, 28, 12, 'insertion', 'eatingdrinking'),
(37, 30, 12, 'insertion', 'cleaning'),
(38, 34, 12, 'insertion', 'groom'),
(39, 8, 13, 'insertion', 'mealpreperation'),
(40, 14, 13, 'insertion', 'eatingdrinking'),
(41, 25, 13, 'insertion', 'outdoors'),
(42, 27, 13, 'insertion', 'outdoors'),
(43, 8, 14, 'deletion', 'relax'),
(44, 19, 14, 'insertion', 'cleaning'),
(45, 22, 14, 'insertion', 'personalhygiene'),
(46, 23, 14, 'insertion', 'read');

-- --------------------------------------------------------

--
-- Struttura della tabella `anomedges`
--

CREATE TABLE `anomedges` (
  `id` int(11) NOT NULL,
  `source` varchar(100) NOT NULL,
  `target` varchar(100) NOT NULL,
  `numTrace` int(11) NOT NULL
) ENGINE=InnoDB DEFAULT CHARSET=latin1 COLLATE=latin1_swedish_ci;

-- --------------------------------------------------------

--
-- Struttura della tabella `causalrel`
--

CREATE TABLE `causalrel` (
  `source` varchar(500) NOT NULL,
  `target` varchar(500) NOT NULL
) ENGINE=InnoDB DEFAULT CHARSET=latin1 COLLATE=latin1_swedish_ci;

--
-- Dump dei dati per la tabella `causalrel`
--

INSERT INTO `causalrel` (`source`, `target`) VALUES
('START', 'sleep'),
('START', 'toilet'),
('toilet', 'outdoors'),
('toilet', 'mealpreperation'),
('toilet', 'snack'),
('sleep', 'outdoors'),
('sleep', 'mealpreperation'),
('sleep', 'snack'),
('relax', 'bathe'),
('relax', 'work'),
('snack', 'bathe'),
('snack', 'work'),
('outdoors', 'bathe'),
('outdoors', 'work'),
('bathe', 'personalhygiene'),
('bathe', 'dress'),
('personalhygiene', 'groom'),
('dress', 'groom'),
('work', 'groom'),
('toilet', 'relax'),
('toilet', 'bathe'),
('toilet', 'personalhygiene'),
('toilet', 'dress'),
('toilet', 'work'),
('toilet', 'sleep'),
('toilet', 'toilet'),
('toilet', 'END'),
('sleep', 'relax'),
('sleep', 'bathe'),
('sleep', 'personalhygiene'),
('sleep', 'dress'),
('sleep', 'work'),
('sleep', 'sleep'),
('sleep', 'toilet'),
('sleep', 'END'),
('mealpreperation', 'relax'),
('mealpreperation', 'cleaning'),
('mealpreperation', 'eatingdrinking'),
('eatingdrinking', 'relax'),
('cleaning', 'relax'),
('relax', 'personalhygiene'),
('relax', 'dress'),
('relax', 'outdoors'),
('relax', 'relax'),
('relax', 'mealpreperation'),
('relax', 'snack'),
('relax', 'sleep'),
('relax', 'toilet'),
('relax', 'END'),
('snack', 'personalhygiene'),
('snack', 'dress'),
('snack', 'outdoors'),
('snack', 'relax'),
('snack', 'mealpreperation'),
('snack', 'snack'),
('snack', 'sleep'),
('snack', 'toilet'),
('snack', 'END'),
('outdoors', 'personalhygiene'),
('outdoors', 'dress'),
('outdoors', 'outdoors'),
('outdoors', 'relax'),
('outdoors', 'mealpreperation'),
('outdoors', 'snack'),
('outdoors', 'sleep'),
('outdoors', 'toilet'),
('outdoors', 'END'),
('personalhygiene', 'outdoors'),
('personalhygiene', 'relax'),
('personalhygiene', 'mealpreperation'),
('personalhygiene', 'snack'),
('personalhygiene', 'bathe'),
('personalhygiene', 'personalhygiene'),
('personalhygiene', 'dress'),
('personalhygiene', 'work'),
('personalhygiene', 'sleep'),
('personalhygiene', 'toilet'),
('personalhygiene', 'END'),
('dress', 'outdoors'),
('dress', 'relax'),
('dress', 'mealpreperation'),
('dress', 'snack'),
('dress', 'bathe'),
('dress', 'personalhygiene'),
('dress', 'dress'),
('dress', 'work'),
('dress', 'sleep'),
('dress', 'toilet'),
('dress', 'END'),
('work', 'outdoors'),
('work', 'relax'),
('work', 'mealpreperation'),
('work', 'snack'),
('work', 'bathe'),
('work', 'personalhygiene'),
('work', 'dress'),
('work', 'work'),
('work', 'sleep'),
('work', 'toilet'),
('work', 'END'),
('groom', 'outdoors'),
('groom', 'relax'),
('groom', 'mealpreperation'),
('groom', 'snack'),
('groom', 'bathe'),
('groom', 'personalhygiene'),
('groom', 'dress'),
('groom', 'work'),
('groom', 'sleep'),
('groom', 'toilet'),
('groom', 'END');

-- --------------------------------------------------------

--
-- Struttura della tabella `causalreltau`
--

CREATE TABLE `causalreltau` (
  `id` int(11) NOT NULL,
  `source` varchar(500) NOT NULL,
  `target` varchar(500) NOT NULL
) ENGINE=InnoDB DEFAULT CHARSET=latin1 COLLATE=latin1_swedish_ci;

-- --------------------------------------------------------

--
-- Struttura della tabella `covgraph`
--

CREATE TABLE `covgraph` (
  `id` int(11) NOT NULL,
  `sourceplace` varchar(500) NOT NULL,
  `transition` varchar(500) NOT NULL,
  `targetplace` varchar(500) NOT NULL
) ENGINE=InnoDB DEFAULT CHARSET=latin1 COLLATE=latin1_swedish_ci;

-- --------------------------------------------------------

--
-- Struttura della tabella `disconnected`
--

CREATE TABLE `disconnected` (
  `numtrace` int(11) NOT NULL
) ENGINE=InnoDB DEFAULT CHARSET=latin1 COLLATE=latin1_swedish_ci;

-- --------------------------------------------------------

--
-- Struttura della tabella `edge`
--

CREATE TABLE `edge` (
  `id` varchar(100) NOT NULL,
  `source` varchar(100) NOT NULL,
  `target` varchar(100) NOT NULL,
  `visited` int(1) NOT NULL
) ENGINE=InnoDB DEFAULT CHARSET=latin1 COLLATE=latin1_swedish_ci;

--
-- Dump dei dati per la tabella `edge`
--

INSERT INTO `edge` (`id`, `source`, `target`, `visited`) VALUES
('arc100', 'n35', 'n15', 0),
('arc101', 'n6', 'n31', 0),
('arc102', 'n8', 'n34', 0),
('arc45', 'n6', 'n21', 0),
('arc46', 'n39', 'n7', 0),
('arc47', 'n12', 'n25', 0),
('arc48', 'n14', 'n25', 0),
('arc49', 'n28', 'n14', 0),
('arc50', 'n17', 'n3', 0),
('arc51', 'n4', 'n44', 0),
('arc52', 'n31', 'n8', 0),
('arc53', 'n3', 'n19', 0),
('arc54', 'n22', 'n10', 0),
('arc55', 'n43', 'n4', 0),
('arc56', 'n27', 'n14', 0),
('arc57', 'n9', 'n29', 0),
('arc58', 'n23', 'n9', 0),
('arc59', 'n24', 'n13', 0),
('arc60', 'n6', 'n22', 0),
('arc61', 'n16', 'n35', 0),
('arc62', 'n33', 'n16', 0),
('arc63', 'n10', 'n24', 0),
('arc64', 'n1', 'n17', 0),
('arc65', 'n6', 'n30', 0),
('arc66', 'n18', 'n6', 0),
('arc67', 'n44', 'n2', 0),
('arc68', 'n3', 'n18', 0),
('arc69', 'n25', 'n9', 0),
('arc70', 'n13', 'n27', 0),
('arc71', 'n15', 'n38', 0),
('arc72', 'n26', 'n12', 0),
('arc73', 'n8', 'n33', 0),
('arc74', 'n5', 'n42', 0),
('arc75', 'n29', 'n8', 0),
('arc76', 'n13', 'n28', 0),
('arc77', 'n16', 'n36', 0),
('arc78', 'n7', 'n40', 0),
('arc79', 'n42', 'n3', 0),
('arc80', 'n10', 'n23', 0),
('arc81', 'n19', 'n6', 0),
('arc82', 'n21', 'n9', 0),
('arc83', 'n11', 'n26', 0),
('arc84', 'n34', 'n16', 0),
('arc85', 'n8', 'n37', 0),
('arc86', 'n5', 'n43', 0),
('arc87', 'n20', 'n8', 0),
('arc88', 'n32', 'n7', 0),
('arc89', 'n41', 'n5', 0),
('arc90', 'n8', 'n32', 0),
('arc91', 'n24', 'n11', 0),
('arc92', 'n40', 'n6', 0),
('arc93', 'n36', 'n15', 0),
('arc94', 'n6', 'n20', 0),
('arc95', 'n7', 'n41', 0),
('arc96', 'n38', 'n7', 0),
('arc97', 'n37', 'n15', 0),
('arc98', 'n30', 'n8', 0),
('arc99', 'n15', 'n39', 0);

-- --------------------------------------------------------

--
-- Struttura della tabella `edges`
--

CREATE TABLE `edges` (
  `id` int(11) NOT NULL,
  `id1` int(11) NOT NULL,
  `id2` int(11) NOT NULL,
  `label` varchar(400) NOT NULL,
  `dir` varchar(200) NOT NULL,
  `id_wf` int(11) NOT NULL
) ENGINE=InnoDB DEFAULT CHARSET=latin1 COLLATE=latin1_swedish_ci;

--
-- Dump dei dati per la tabella `edges`
--

INSERT INTO `edges` (`id`, `id1`, `id2`, `label`, `dir`, `id_wf`) VALUES
(1, 1, 2, 'START__sleep', 'e', 1),
(2, 2, 3, 'sleep__toilet', 'e', 1),
(3, 3, 4, 'toilet__sleep', 'e', 1),
(4, 4, 5, 'sleep__toilet', 'e', 1),
(5, 5, 6, 'toilet__dress', 'e', 1),
(6, 6, 7, 'dress__sleep', 'e', 1),
(7, 7, 8, 'sleep__toilet', 'e', 1),
(8, 8, 9, 'toilet__mealpreperation', 'e', 1),
(9, 9, 10, 'mealpreperation__eatingdrinking', 'e', 1),
(10, 9, 11, 'mealpreperation__cleaning', 'e', 1),
(11, 10, 12, 'eatingdrinking__relax', 'e', 1),
(12, 11, 12, 'cleaning__relax', 'e', 1),
(13, 12, 13, 'relax__personalhygiene', 'e', 1),
(14, 13, 14, 'personalhygiene__work', 'e', 1),
(15, 16, 17, 'groom__toilet', 'e', 1),
(16, 17, 18, 'toilet__mealpreperation', 'e', 1),
(17, 18, 19, 'mealpreperation__eatingdrinking', 'e', 1),
(18, 18, 20, 'mealpreperation__cleaning', 'e', 1),
(19, 22, 23, 'relax__toilet', 'e', 1),
(20, 23, 24, 'toilet__personalhygiene', 'e', 1),
(21, 24, 25, 'personalhygiene__snack', 'e', 1),
(22, 25, 26, 'snack__personalhygiene', 'e', 1),
(23, 28, 29, 'outdoors__mealpreperation', 'e', 1),
(24, 29, 30, 'mealpreperation__eatingdrinking', 'e', 1),
(25, 30, 31, 'eatingdrinking__relax', 'e', 1),
(26, 33, 34, 'personalhygiene__outdoors', 'e', 1),
(27, 34, 35, 'outdoors__snack', 'e', 1),
(28, 35, 36, 'snack__relax', 'e', 1),
(29, 38, 39, 'relax__personalhygiene', 'e', 1),
(30, 39, 40, 'personalhygiene__sleep', 'e', 1),
(31, 40, 41, 'sleep__END', 'e', 1),
(32, 14, 15, 'work__bathe', 'e', 1),
(33, 15, 16, 'bathe__groom', 'e', 1),
(34, 19, 21, 'eatingdrinking__read', 'e', 1),
(35, 20, 21, 'cleaning__read', 'e', 1),
(36, 21, 22, 'read__relax', 'e', 1),
(37, 26, 27, 'personalhygiene__watchtv', 'e', 1),
(38, 27, 28, 'watchtv__outdoors', 'e', 1),
(39, 31, 32, 'relax__cleaning', 'e', 1),
(40, 32, 33, 'cleaning__personalhygiene', 'e', 1),
(41, 36, 37, 'relax__cleaning', 'e', 1),
(42, 37, 38, 'cleaning__relax', 'e', 1),
(43, 1, 2, 'START__toilet', 'e', 2),
(44, 2, 3, 'toilet__sleep', 'e', 2),
(45, 3, 4, 'sleep__snack', 'e', 2),
(46, 4, 5, 'snack__relax', 'e', 2),
(47, 7, 8, 'bathe__dress', 'e', 2),
(48, 8, 9, 'dress__personalhygiene', 'e', 2),
(49, 9, 10, 'personalhygiene__outdoors', 'e', 2),
(50, 10, 11, 'outdoors__snack', 'e', 2),
(51, 11, 12, 'snack__mealpreperation', 'e', 2),
(52, 12, 13, 'mealpreperation__eatingdrinking', 'e', 2),
(53, 12, 14, 'mealpreperation__cleaning', 'e', 2),
(54, 15, 16, 'work__sleep', 'e', 2),
(55, 16, 17, 'sleep__toilet', 'e', 2),
(56, 17, 18, 'toilet__outdoors', 'e', 2),
(57, 18, 19, 'outdoors__work', 'e', 2),
(58, 19, 20, 'work__snack', 'e', 2),
(59, 20, 21, 'snack__relax', 'e', 2),
(60, 21, 22, 'relax__outdoors', 'e', 2),
(61, 22, 23, 'outdoors__snack', 'e', 2),
(62, 23, 24, 'snack__relax', 'e', 2),
(63, 24, 25, 'relax__mealpreperation', 'e', 2),
(64, 25, 26, 'mealpreperation__eatingdrinking', 'e', 2),
(65, 25, 27, 'mealpreperation__cleaning', 'e', 2),
(66, 29, 30, 'snack__toilet', 'e', 2),
(67, 30, 31, 'toilet__snack', 'e', 2),
(68, 31, 32, 'snack__toilet', 'e', 2),
(69, 32, 33, 'toilet__relax', 'e', 2),
(70, 33, 34, 'relax__personalhygiene', 'e', 2),
(71, 34, 35, 'personalhygiene__sleep', 'e', 2),
(72, 35, 36, 'sleep__END', 'e', 2),
(73, 14, 15, 'cleaning__work', 'e', 2),
(74, 13, 15, 'eatingdrinking__work', 'e', 2),
(75, 5, 6, 'relax__mealpreperation', 'e', 2),
(76, 6, 7, 'mealpreperation__bathe', 'e', 2),
(77, 27, 28, 'cleaning__watchtv', 'e', 2),
(78, 26, 28, 'eatingdrinking__watchtv', 'e', 2),
(79, 28, 29, 'watchtv__snack', 'e', 2),
(80, 1, 2, 'START__toilet', 'e', 3),
(81, 2, 3, 'toilet__sleep', 'e', 3),
(82, 5, 6, 'sleep__toilet', 'e', 3),
(83, 6, 7, 'toilet__mealpreperation', 'e', 3),
(84, 7, 8, 'mealpreperation__relax', 'e', 3),
(85, 8, 9, 'relax__toilet', 'e', 3),
(86, 9, 10, 'toilet__mealpreperation', 'e', 3),
(87, 10, 11, 'mealpreperation__relax', 'e', 3),
(88, 11, 12, 'relax__toilet', 'e', 3),
(89, 12, 13, 'toilet__snack', 'e', 3),
(90, 16, 17, 'work__relax', 'e', 3),
(91, 17, 18, 'relax__snack', 'e', 3),
(92, 18, 19, 'snack__relax', 'e', 3),
(93, 19, 20, 'relax__personalhygiene', 'e', 3),
(94, 20, 21, 'personalhygiene__relax', 'e', 3),
(95, 21, 22, 'relax__toilet', 'e', 3),
(96, 22, 23, 'toilet__snack', 'e', 3),
(97, 23, 24, 'snack__relax', 'e', 3),
(98, 24, 25, 'relax__mealpreperation', 'e', 3),
(99, 25, 26, 'mealpreperation__eatingdrinking', 'e', 3),
(100, 25, 27, 'mealpreperation__cleaning', 'e', 3),
(101, 33, 34, 'sleep__END', 'e', 3),
(102, 3, 4, 'sleep__medication', 'e', 3),
(103, 4, 5, 'medication__sleep', 'e', 3),
(104, 13, 14, 'snack__eatingdrinking', 'e', 3),
(105, 15, 16, 'cleaning__work', 'e', 3),
(106, 14, 15, 'eatingdrinking__cleaning', 'e', 3),
(107, 27, 28, 'cleaning__watchtv', 'e', 3),
(108, 26, 28, 'eatingdrinking__watchtv', 'e', 3),
(109, 28, 29, 'watchtv__snack', 'e', 3),
(110, 29, 30, 'snack__watchtv', 'e', 3),
(111, 30, 31, 'watchtv__personalhygiene', 'e', 3),
(112, 31, 32, 'personalhygiene__read', 'e', 3),
(113, 32, 33, 'read__sleep', 'e', 3),
(114, 1, 2, 'START__sleep', 'e', 4),
(115, 2, 3, 'sleep__toilet', 'e', 4),
(116, 3, 4, 'toilet__sleep', 'e', 4),
(117, 4, 5, 'sleep__personalhygiene', 'e', 4),
(118, 5, 6, 'personalhygiene__sleep', 'e', 4),
(119, 6, 7, 'sleep__relax', 'e', 4),
(120, 7, 8, 'relax__mealpreperation', 'e', 4),
(121, 8, 9, 'mealpreperation__eatingdrinking', 'e', 4),
(122, 9, 10, 'eatingdrinking__relax', 'e', 4),
(123, 10, 11, 'relax__personalhygiene', 'e', 4),
(124, 11, 12, 'personalhygiene__outdoors', 'e', 4),
(125, 12, 13, 'outdoors__relax', 'e', 4),
(126, 13, 14, 'relax__outdoors', 'e', 4),
(127, 14, 15, 'outdoors__sleep', 'e', 4),
(128, 15, 16, 'sleep__toilet', 'e', 4),
(129, 16, 17, 'toilet__work', 'e', 4),
(130, 17, 18, 'work__relax', 'e', 4),
(131, 18, 19, 'relax__mealpreperation', 'e', 4),
(132, 19, 20, 'mealpreperation__eatingdrinking', 'e', 4),
(133, 19, 22, 'mealpreperation__cleaning', 'e', 4),
(134, 22, 23, 'cleaning__relax', 'e', 4),
(135, 23, 24, 'relax__personalhygiene', 'e', 4),
(136, 24, 25, 'personalhygiene__groom', 'e', 4),
(137, 25, 26, 'groom__personalhygiene', 'e', 4),
(138, 26, 27, 'personalhygiene__sleep', 'e', 4),
(139, 27, 28, 'sleep__END', 'e', 4),
(140, 21, 23, 'relax__relax', 'e', 4),
(141, 20, 21, 'eatingdrinking__relax', 'e', 4),
(142, 1, 2, 'START__toilet', 'e', 5),
(143, 2, 3, 'toilet__sleep', 'e', 5),
(144, 3, 4, 'sleep__toilet', 'e', 5),
(145, 4, 5, 'toilet__sleep', 'e', 5),
(146, 5, 6, 'sleep__relax', 'e', 5),
(147, 8, 9, 'work__personalhygiene', 'e', 5),
(148, 9, 10, 'personalhygiene__toilet', 'e', 5),
(149, 10, 11, 'toilet__outdoors', 'e', 5),
(150, 11, 12, 'outdoors__toilet', 'e', 5),
(151, 12, 13, 'toilet__relax', 'e', 5),
(152, 13, 14, 'relax__toilet', 'e', 5),
(153, 14, 15, 'toilet__snack', 'e', 5),
(154, 15, 16, 'snack__relax', 'e', 5),
(155, 16, 17, 'relax__mealpreperation', 'e', 5),
(156, 17, 18, 'mealpreperation__relax', 'e', 5),
(157, 22, 23, 'personalhygiene__sleep', 'e', 5),
(158, 23, 24, 'sleep__END', 'e', 5),
(159, 6, 7, 'relax__mealpreperation', 'e', 5),
(160, 7, 8, 'mealpreperation__work', 'e', 5),
(161, 18, 19, 'relax__cleaning', 'e', 5),
(162, 19, 20, 'cleaning__personalhygiene', 'e', 5),
(163, 20, 21, 'personalhygiene__read', 'e', 5),
(164, 21, 22, 'read__personalhygiene', 'e', 5),
(165, 1, 2, 'START__toilet', 'e', 6),
(166, 2, 3, 'toilet__relax', 'e', 6),
(167, 6, 7, 'bathe__dress', 'e', 6),
(168, 7, 8, 'dress__personalhygiene', 'e', 6),
(169, 8, 9, 'personalhygiene__outdoors', 'e', 6),
(170, 9, 10, 'outdoors__snack', 'e', 6),
(171, 12, 13, 'personalhygiene__outdoors', 'e', 6),
(172, 13, 14, 'outdoors__relax', 'e', 6),
(173, 14, 15, 'relax__snack', 'e', 6),
(174, 15, 16, 'snack__relax', 'e', 6),
(175, 16, 17, 'relax__mealpreperation', 'e', 6),
(176, 17, 18, 'mealpreperation__eatingdrinking', 'e', 6),
(177, 20, 21, 'relax__personalhygiene', 'e', 6),
(178, 21, 22, 'personalhygiene__sleep', 'e', 6),
(179, 22, 23, 'sleep__END', 'e', 6),
(180, 3, 4, 'relax__mealpreperation', 'e', 6),
(181, 5, 6, 'groom__bathe', 'e', 6),
(182, 4, 5, 'mealpreperation__groom', 'e', 6),
(183, 10, 11, 'snack__eatingdrinking', 'e', 6),
(184, 11, 12, 'eatingdrinking__personalhygiene', 'e', 6),
(185, 18, 19, 'eatingdrinking__personalhygiene', 'e', 6),
(186, 19, 20, 'personalhygiene__relax', 'e', 6),
(187, 1, 2, 'START__toilet', 'e', 7),
(188, 2, 3, 'toilet__sleep', 'e', 7),
(189, 5, 6, 'sleep__toilet', 'e', 7),
(190, 6, 7, 'toilet__personalhygiene', 'e', 7),
(191, 7, 8, 'personalhygiene__relax', 'e', 7),
(192, 8, 9, 'relax__mealpreperation', 'e', 7),
(193, 9, 10, 'mealpreperation__eatingdrinking', 'e', 7),
(194, 9, 11, 'mealpreperation__cleaning', 'e', 7),
(195, 10, 12, 'eatingdrinking__relax', 'e', 7),
(196, 11, 12, 'cleaning__relax', 'e', 7),
(197, 12, 13, 'relax__personalhygiene', 'e', 7),
(198, 13, 14, 'personalhygiene__groom', 'e', 7),
(199, 14, 15, 'groom__personalhygiene', 'e', 7),
(200, 15, 16, 'personalhygiene__relax', 'e', 7),
(201, 16, 17, 'relax__personalhygiene', 'e', 7),
(202, 17, 18, 'personalhygiene__relax', 'e', 7),
(203, 18, 19, 'relax__snack', 'e', 7),
(204, 19, 20, 'snack__personalhygiene', 'e', 7),
(205, 20, 21, 'personalhygiene__relax', 'e', 7),
(206, 21, 22, 'relax__personalhygiene', 'e', 7),
(207, 22, 23, 'personalhygiene__toilet', 'e', 7),
(208, 23, 24, 'toilet__relax', 'e', 7),
(209, 24, 25, 'relax__personalhygiene', 'e', 7),
(210, 25, 26, 'personalhygiene__outdoors', 'e', 7),
(211, 26, 27, 'outdoors__relax', 'e', 7),
(212, 27, 28, 'relax__mealpreperation', 'e', 7),
(213, 28, 29, 'mealpreperation__eatingdrinking', 'e', 7),
(214, 29, 30, 'eatingdrinking__relax', 'e', 7),
(215, 30, 31, 'relax__snack', 'e', 7),
(216, 33, 34, 'personalhygiene__sleep', 'e', 7),
(217, 34, 35, 'sleep__END', 'e', 7),
(218, 3, 4, 'sleep__medication', 'e', 7),
(219, 4, 5, 'medication__sleep', 'e', 7),
(220, 31, 32, 'snack__read', 'e', 7),
(221, 32, 33, 'read__personalhygiene', 'e', 7),
(222, 1, 2, 'START__toilet', 'e', 8),
(223, 2, 3, 'toilet__sleep', 'e', 8),
(224, 3, 4, 'sleep__toilet', 'e', 8),
(225, 4, 5, 'toilet__sleep', 'e', 8),
(226, 5, 6, 'sleep__toilet', 'e', 8),
(227, 6, 7, 'toilet__sleep', 'e', 8),
(228, 7, 8, 'sleep__relax', 'e', 8),
(229, 10, 11, 'personalhygiene__dress', 'e', 8),
(230, 11, 12, 'dress__groom', 'e', 8),
(231, 12, 13, 'groom__outdoors', 'e', 8),
(232, 13, 14, 'outdoors__toilet', 'e', 8),
(233, 14, 15, 'toilet__outdoors', 'e', 8),
(234, 15, 16, 'outdoors__relax', 'e', 8),
(235, 16, 17, 'relax__outdoors', 'e', 8),
(236, 17, 18, 'outdoors__toilet', 'e', 8),
(237, 18, 19, 'toilet__relax', 'e', 8),
(238, 19, 20, 'relax__mealpreperation', 'e', 8),
(239, 20, 21, 'mealpreperation__eatingdrinking', 'e', 8),
(240, 22, 23, 'outdoors__sleep', 'e', 8),
(241, 23, 24, 'sleep__relax', 'e', 8),
(242, 24, 25, 'relax__personalhygiene', 'e', 8),
(243, 25, 26, 'personalhygiene__relax', 'e', 8),
(244, 26, 27, 'relax__snack', 'e', 8),
(245, 27, 28, 'snack__mealpreperation', 'e', 8),
(246, 28, 29, 'mealpreperation__eatingdrinking', 'e', 8),
(247, 28, 30, 'mealpreperation__cleaning', 'e', 8),
(248, 29, 31, 'eatingdrinking__relax', 'e', 8),
(249, 30, 31, 'cleaning__relax', 'e', 8),
(250, 31, 32, 'relax__snack', 'e', 8),
(251, 32, 33, 'snack__relax', 'e', 8),
(252, 35, 36, 'personalhygiene__sleep', 'e', 8),
(253, 36, 37, 'sleep__END', 'e', 8),
(254, 21, 22, 'eatingdrinking__outdoors', 'e', 8),
(255, 8, 9, 'relax__mealpreperation', 'e', 8),
(256, 9, 10, 'mealpreperation__personalhygiene', 'e', 8),
(257, 33, 34, 'relax__read', 'e', 8),
(258, 34, 35, 'read__personalhygiene', 'e', 8),
(259, 1, 2, 'START__toilet', 'e', 9),
(260, 2, 3, 'toilet__sleep', 'e', 9),
(261, 3, 4, 'sleep__toilet', 'e', 9),
(262, 4, 5, 'toilet__sleep', 'e', 9),
(263, 5, 6, 'sleep__toilet', 'e', 9),
(264, 6, 7, 'toilet__sleep', 'e', 9),
(265, 7, 8, 'sleep__relax', 'e', 9),
(266, 8, 9, 'relax__mealpreperation', 'e', 9),
(267, 9, 10, 'mealpreperation__relax', 'e', 9),
(268, 10, 11, 'relax__toilet', 'e', 9),
(269, 11, 12, 'toilet__work', 'e', 9),
(270, 12, 13, 'work__personalhygiene', 'e', 9),
(271, 13, 14, 'personalhygiene__groom', 'e', 9),
(272, 14, 15, 'groom__personalhygiene', 'e', 9),
(273, 15, 16, 'personalhygiene__snack', 'e', 9),
(274, 17, 19, 'eatingdrinking__relax', 'e', 9),
(275, 18, 19, 'cleaning__relax', 'e', 9),
(276, 19, 20, 'relax__snack', 'e', 9),
(277, 20, 21, 'snack__relax', 'e', 9),
(278, 21, 22, 'relax__toilet', 'e', 9),
(279, 22, 23, 'toilet__relax', 'e', 9),
(280, 23, 24, 'relax__snack', 'e', 9),
(281, 24, 25, 'snack__relax', 'e', 9),
(282, 25, 26, 'relax__snack', 'e', 9),
(283, 27, 29, 'eatingdrinking__relax', 'e', 9),
(284, 28, 29, 'cleaning__relax', 'e', 9),
(285, 29, 30, 'relax__personalhygiene', 'e', 9),
(286, 30, 31, 'personalhygiene__relax', 'e', 9),
(287, 31, 32, 'relax__outdoors', 'e', 9),
(288, 32, 33, 'outdoors__toilet', 'e', 9),
(289, 33, 34, 'toilet__personalhygiene', 'e', 9),
(290, 34, 35, 'personalhygiene__sleep', 'e', 9),
(291, 35, 36, 'sleep__END', 'e', 9),
(292, 16, 17, 'snack__eatingdrinking', 'e', 9),
(293, 16, 18, 'snack__cleaning', 'e', 9),
(294, 26, 27, 'snack__eatingdrinking', 'e', 9),
(295, 26, 28, 'snack__cleaning', 'e', 9),
(296, 1, 2, 'START__toilet', 'e', 10),
(297, 2, 3, 'toilet__sleep', 'e', 10),
(298, 3, 4, 'sleep__toilet', 'e', 10),
(299, 4, 5, 'toilet__sleep', 'e', 10),
(300, 5, 6, 'sleep__relax', 'e', 10),
(301, 6, 7, 'relax__mealpreperation', 'e', 10),
(302, 7, 8, 'mealpreperation__eatingdrinking', 'e', 10),
(303, 7, 9, 'mealpreperation__cleaning', 'e', 10),
(304, 10, 11, 'personalhygiene__bathe', 'e', 10),
(305, 11, 12, 'bathe__personalhygiene', 'e', 10),
(306, 12, 13, 'personalhygiene__groom', 'e', 10),
(307, 13, 14, 'groom__personalhygiene', 'e', 10),
(308, 14, 15, 'personalhygiene__snack', 'e', 10),
(309, 15, 16, 'snack__toilet', 'e', 10),
(310, 16, 17, 'toilet__relax', 'e', 10),
(311, 17, 18, 'relax__toilet', 'e', 10),
(312, 18, 19, 'toilet__outdoors', 'e', 10),
(313, 19, 20, 'outdoors__snack', 'e', 10),
(314, 20, 21, 'snack__relax', 'e', 10),
(315, 21, 22, 'relax__mealpreperation', 'e', 10),
(316, 22, 23, 'mealpreperation__eatingdrinking', 'e', 10),
(317, 22, 24, 'mealpreperation__cleaning', 'e', 10),
(318, 23, 25, 'eatingdrinking__relax', 'e', 10),
(319, 24, 25, 'cleaning__relax', 'e', 10),
(320, 25, 26, 'relax__snack', 'e', 10),
(321, 28, 29, 'personalhygiene__sleep', 'e', 10),
(322, 29, 30, 'sleep__toilet', 'e', 10),
(323, 30, 31, 'toilet__sleep', 'e', 10),
(324, 31, 32, 'sleep__END', 'e', 10),
(325, 9, 10, 'cleaning__personalhygiene', 'e', 10),
(326, 8, 10, 'eatingdrinking__personalhygiene', 'e', 10),
(327, 26, 27, 'snack__groom', 'e', 10),
(328, 27, 28, 'groom__personalhygiene', 'e', 10),
(329, 1, 2, 'START__toilet', 'e', 11),
(330, 2, 3, 'toilet__sleep', 'e', 11),
(331, 3, 4, 'sleep__toilet', 'e', 11),
(332, 4, 5, 'toilet__sleep', 'e', 11),
(333, 5, 6, 'sleep__toilet', 'e', 11),
(334, 6, 7, 'toilet__personalhygiene', 'e', 11),
(335, 7, 8, 'personalhygiene__outdoors', 'e', 11),
(336, 10, 11, 'bathe__dress', 'e', 11),
(337, 11, 12, 'dress__personalhygiene', 'e', 11),
(338, 12, 13, 'personalhygiene__toilet', 'e', 11),
(339, 13, 14, 'toilet__relax', 'e', 11),
(340, 14, 15, 'relax__mealpreperation', 'e', 11),
(341, 15, 16, 'mealpreperation__eatingdrinking', 'e', 11),
(342, 15, 17, 'mealpreperation__cleaning', 'e', 11),
(343, 16, 18, 'eatingdrinking__relax', 'e', 11),
(344, 17, 18, 'cleaning__relax', 'e', 11),
(345, 18, 19, 'relax__toilet', 'e', 11),
(346, 19, 20, 'toilet__relax', 'e', 11),
(347, 20, 21, 'relax__snack', 'e', 11),
(348, 21, 22, 'snack__relax', 'e', 11),
(349, 22, 23, 'relax__personalhygiene', 'e', 11),
(350, 23, 24, 'personalhygiene__toilet', 'e', 11),
(351, 24, 25, 'toilet__outdoors', 'e', 11),
(352, 25, 26, 'outdoors__personalhygiene', 'e', 11),
(353, 26, 27, 'personalhygiene__relax', 'e', 11),
(354, 29, 30, 'personalhygiene__toilet', 'e', 11),
(355, 30, 31, 'toilet__sleep', 'e', 11),
(356, 31, 32, 'sleep__END', 'e', 11),
(357, 8, 9, 'outdoors__medication', 'e', 11),
(358, 9, 10, 'medication__bathe', 'e', 11),
(359, 27, 28, 'relax__watchtv', 'e', 11),
(360, 28, 29, 'watchtv__personalhygiene', 'e', 11),
(361, 1, 2, 'START__toilet', 'e', 12),
(362, 2, 3, 'toilet__sleep', 'e', 12),
(363, 3, 4, 'sleep__toilet', 'e', 12),
(364, 4, 5, 'toilet__sleep', 'e', 12),
(365, 5, 6, 'sleep__personalhygiene', 'e', 12),
(366, 6, 7, 'personalhygiene__relax', 'e', 12),
(367, 7, 8, 'relax__mealpreperation', 'e', 12),
(368, 8, 9, 'mealpreperation__relax', 'e', 12),
(369, 9, 10, 'relax__work', 'e', 12),
(370, 10, 11, 'work__groom', 'e', 12),
(371, 11, 12, 'groom__personalhygiene', 'e', 12),
(372, 12, 13, 'personalhygiene__groom', 'e', 12),
(373, 13, 14, 'groom__personalhygiene', 'e', 12),
(374, 14, 15, 'personalhygiene__outdoors', 'e', 12),
(375, 15, 16, 'outdoors__relax', 'e', 12),
(376, 16, 17, 'relax__outdoors', 'e', 12),
(377, 17, 18, 'outdoors__relax', 'e', 12),
(378, 18, 19, 'relax__outdoors', 'e', 12),
(379, 19, 20, 'outdoors__relax', 'e', 12),
(380, 20, 21, 'relax__personalhygiene', 'e', 12),
(381, 21, 22, 'personalhygiene__outdoors', 'e', 12),
(382, 22, 23, 'outdoors__sleep', 'e', 12),
(383, 23, 24, 'sleep__relax', 'e', 12),
(384, 24, 25, 'relax__sleep', 'e', 12),
(385, 25, 26, 'sleep__toilet', 'e', 12),
(386, 26, 27, 'toilet__snack', 'e', 12),
(387, 31, 32, 'work__groom', 'e', 12),
(388, 32, 33, 'groom__relax', 'e', 12),
(389, 35, 36, 'personalhygiene__sleep', 'e', 12),
(390, 36, 37, 'sleep__END', 'e', 12),
(391, 27, 28, 'snack__eatingdrinking', 'e', 12),
(392, 28, 29, 'eatingdrinking__relax', 'e', 12),
(393, 29, 30, 'relax__cleaning', 'e', 12),
(394, 30, 31, 'cleaning__work', 'e', 12),
(395, 33, 34, 'relax__groom', 'e', 12),
(396, 34, 35, 'groom__personalhygiene', 'e', 12),
(397, 1, 2, 'START__toilet', 'e', 13),
(398, 2, 3, 'toilet__sleep', 'e', 13),
(399, 3, 4, 'sleep__toilet', 'e', 13),
(400, 4, 5, 'toilet__sleep', 'e', 13),
(401, 5, 6, 'sleep__toilet', 'e', 13),
(402, 6, 7, 'toilet__relax', 'e', 13),
(403, 9, 10, 'personalhygiene__dress', 'e', 13),
(404, 10, 11, 'dress__personalhygiene', 'e', 13),
(405, 11, 12, 'personalhygiene__outdoors', 'e', 13),
(406, 12, 13, 'outdoors__snack', 'e', 13),
(407, 15, 16, 'personalhygiene__outdoors', 'e', 13),
(408, 16, 17, 'outdoors__relax', 'e', 13),
(409, 17, 18, 'relax__work', 'e', 13),
(410, 18, 19, 'work__personalhygiene', 'e', 13),
(411, 19, 20, 'personalhygiene__snack', 'e', 13),
(412, 20, 21, 'snack__personalhygiene', 'e', 13),
(413, 21, 22, 'personalhygiene__outdoors', 'e', 13),
(414, 22, 23, 'outdoors__mealpreperation', 'e', 13),
(415, 23, 24, 'mealpreperation__eatingdrinking', 'e', 13),
(416, 23, 26, 'mealpreperation__cleaning', 'e', 13),
(417, 28, 29, 'relax__outdoors', 'e', 13),
(418, 29, 30, 'outdoors__personalhygiene', 'e', 13),
(419, 30, 31, 'personalhygiene__sleep', 'e', 13),
(420, 31, 32, 'sleep__END', 'e', 13),
(421, 7, 8, 'relax__mealpreperation', 'e', 13),
(422, 8, 9, 'mealpreperation__personalhygiene', 'e', 13),
(423, 13, 14, 'snack__eatingdrinking', 'e', 13),
(424, 14, 15, 'eatingdrinking__personalhygiene', 'e', 13),
(425, 24, 25, 'eatingdrinking__outdoors', 'e', 13),
(426, 26, 27, 'cleaning__outdoors', 'e', 13),
(427, 25, 27, 'outdoors__outdoors', 'e', 13),
(428, 27, 28, 'outdoors__relax', 'e', 13),
(429, 1, 2, 'START__toilet', 'e', 14),
(430, 2, 3, 'toilet__sleep', 'e', 14),
(431, 3, 4, 'sleep__toilet', 'e', 14),
(432, 4, 5, 'toilet__sleep', 'e', 14),
(433, 5, 6, 'sleep__mealpreperation', 'e', 14),
(434, 6, 7, 'mealpreperation__eatingdrinking', 'e', 14),
(435, 8, 9, 'personalhygiene__dress', 'e', 14),
(436, 9, 10, 'dress__personalhygiene', 'e', 14),
(437, 10, 11, 'personalhygiene__groom', 'e', 14),
(438, 11, 12, 'groom__outdoors', 'e', 14),
(439, 12, 13, 'outdoors__toilet', 'e', 14),
(440, 13, 14, 'toilet__snack', 'e', 14),
(441, 14, 15, 'snack__relax', 'e', 14),
(442, 15, 16, 'relax__outdoors', 'e', 14),
(443, 16, 17, 'outdoors__snack', 'e', 14),
(444, 17, 18, 'snack__relax', 'e', 14),
(445, 20, 21, 'mealpreperation__eatingdrinking', 'e', 14),
(446, 24, 25, 'relax__personalhygiene', 'e', 14),
(447, 25, 26, 'personalhygiene__sleep', 'e', 14),
(448, 26, 27, 'sleep__END', 'e', 14),
(449, 7, 8, 'eatingdrinking__personalhygiene', 'e', 14),
(450, 18, 19, 'relax__cleaning', 'e', 14),
(451, 19, 20, 'cleaning__mealpreperation', 'e', 14),
(452, 21, 22, 'eatingdrinking__personalhygiene', 'e', 14),
(453, 23, 24, 'read__relax', 'e', 14),
(454, 22, 23, 'personalhygiene__read', 'e', 14);

-- --------------------------------------------------------

--
-- Struttura della tabella `event`
--

CREATE TABLE `event` (
  `posTrace` varchar(11) NOT NULL DEFAULT '',
  `class` varchar(500) NOT NULL DEFAULT '',
  `trace` varchar(11) NOT NULL DEFAULT '',
  `timestamp` varchar(100) DEFAULT NULL
) ENGINE=InnoDB DEFAULT CHARSET=latin1 COLLATE=latin1_swedish_ci COMMENT='eventwabototal';

--
-- Dump dei dati per la tabella `event`
--

INSERT INTO `event` (`posTrace`, `class`, `trace`, `timestamp`) VALUES
('1', 'START', '1', NULL),
('2', 'sleep', '1', NULL),
('3', 'toilet', '1', NULL),
('4', 'sleep', '1', NULL),
('5', 'toilet', '1', NULL),
('6', 'dress', '1', NULL),
('7', 'sleep', '1', NULL),
('8', 'toilet', '1', NULL),
('9', 'mealpreperation', '1', NULL),
('10', 'eatingdrinking', '1', NULL),
('11', 'cleaning', '1', NULL),
('12', 'relax', '1', NULL),
('13', 'personalhygiene', '1', NULL),
('14', 'work', '1', NULL),
('15', 'bathe', '1', NULL),
('16', 'groom', '1', NULL),
('17', 'toilet', '1', NULL),
('18', 'mealpreperation', '1', NULL),
('19', 'eatingdrinking', '1', NULL),
('20', 'cleaning', '1', NULL),
('21', 'read', '1', NULL),
('22', 'relax', '1', NULL),
('23', 'toilet', '1', NULL),
('24', 'personalhygiene', '1', NULL),
('25', 'snack', '1', NULL),
('26', 'personalhygiene', '1', NULL),
('27', 'watchtv', '1', NULL),
('28', 'outdoors', '1', NULL),
('29', 'mealpreperation', '1', NULL),
('30', 'eatingdrinking', '1', NULL),
('31', 'relax', '1', NULL),
('32', 'cleaning', '1', NULL),
('33', 'personalhygiene', '1', NULL),
('34', 'outdoors', '1', NULL),
('35', 'snack', '1', NULL),
('36', 'relax', '1', NULL),
('37', 'cleaning', '1', NULL),
('38', 'relax', '1', NULL),
('39', 'personalhygiene', '1', NULL),
('40', 'sleep', '1', NULL),
('41', 'END', '1', NULL),
('1', 'START', '2', NULL),
('2', 'toilet', '2', NULL),
('3', 'sleep', '2', NULL),
('4', 'snack', '2', NULL),
('5', 'relax', '2', NULL),
('6', 'mealpreperation', '2', NULL),
('7', 'bathe', '2', NULL),
('8', 'dress', '2', NULL),
('9', 'personalhygiene', '2', NULL),
('10', 'outdoors', '2', NULL),
('11', 'snack', '2', NULL),
('12', 'mealpreperation', '2', NULL),
('13', 'eatingdrinking', '2', NULL),
('14', 'cleaning', '2', NULL),
('15', 'work', '2', NULL),
('16', 'sleep', '2', NULL),
('17', 'toilet', '2', NULL),
('18', 'outdoors', '2', NULL),
('19', 'work', '2', NULL),
('20', 'snack', '2', NULL),
('21', 'relax', '2', NULL),
('22', 'outdoors', '2', NULL),
('23', 'snack', '2', NULL),
('24', 'relax', '2', NULL),
('25', 'mealpreperation', '2', NULL),
('26', 'eatingdrinking', '2', NULL),
('27', 'cleaning', '2', NULL),
('28', 'watchtv', '2', NULL),
('29', 'snack', '2', NULL),
('30', 'toilet', '2', NULL),
('31', 'snack', '2', NULL),
('32', 'toilet', '2', NULL),
('33', 'relax', '2', NULL),
('34', 'personalhygiene', '2', NULL),
('35', 'sleep', '2', NULL),
('36', 'END', '2', NULL),
('1', 'START', '3', NULL),
('2', 'toilet', '3', NULL),
('3', 'sleep', '3', NULL),
('4', 'medication', '3', NULL),
('5', 'sleep', '3', NULL),
('6', 'toilet', '3', NULL),
('7', 'mealpreperation', '3', NULL),
('8', 'relax', '3', NULL),
('9', 'toilet', '3', NULL),
('10', 'mealpreperation', '3', NULL),
('11', 'relax', '3', NULL),
('12', 'toilet', '3', NULL),
('13', 'snack', '3', NULL),
('14', 'eatingdrinking', '3', NULL),
('15', 'cleaning', '3', NULL),
('16', 'work', '3', NULL),
('17', 'relax', '3', NULL),
('18', 'snack', '3', NULL),
('19', 'relax', '3', NULL),
('20', 'personalhygiene', '3', NULL),
('21', 'relax', '3', NULL),
('22', 'toilet', '3', NULL),
('23', 'snack', '3', NULL),
('24', 'relax', '3', NULL),
('25', 'mealpreperation', '3', NULL),
('26', 'eatingdrinking', '3', NULL),
('27', 'cleaning', '3', NULL),
('28', 'watchtv', '3', NULL),
('29', 'snack', '3', NULL),
('30', 'watchtv', '3', NULL),
('31', 'personalhygiene', '3', NULL),
('32', 'read', '3', NULL),
('33', 'sleep', '3', NULL),
('34', 'END', '3', NULL),
('1', 'START', '4', NULL),
('2', 'sleep', '4', NULL),
('3', 'toilet', '4', NULL),
('4', 'sleep', '4', NULL),
('5', 'personalhygiene', '4', NULL),
('6', 'sleep', '4', NULL),
('7', 'relax', '4', NULL),
('8', 'mealpreperation', '4', NULL),
('9', 'eatingdrinking', '4', NULL),
('10', 'relax', '4', NULL),
('11', 'personalhygiene', '4', NULL),
('12', 'outdoors', '4', NULL),
('13', 'relax', '4', NULL),
('14', 'outdoors', '4', NULL),
('15', 'sleep', '4', NULL),
('16', 'toilet', '4', NULL),
('17', 'work', '4', NULL),
('18', 'relax', '4', NULL),
('19', 'mealpreperation', '4', NULL),
('20', 'eatingdrinking', '4', NULL),
('21', 'relax', '4', NULL),
('22', 'cleaning', '4', NULL),
('23', 'relax', '4', NULL),
('24', 'personalhygiene', '4', NULL),
('25', 'groom', '4', NULL),
('26', 'personalhygiene', '4', NULL),
('27', 'sleep', '4', NULL),
('28', 'END', '4', NULL),
('1', 'START', '5', NULL),
('2', 'toilet', '5', NULL),
('3', 'sleep', '5', NULL),
('4', 'toilet', '5', NULL),
('5', 'sleep', '5', NULL),
('6', 'relax', '5', NULL),
('7', 'mealpreperation', '5', NULL),
('8', 'work', '5', NULL),
('9', 'personalhygiene', '5', NULL),
('10', 'toilet', '5', NULL),
('11', 'outdoors', '5', NULL),
('12', 'toilet', '5', NULL),
('13', 'relax', '5', NULL),
('14', 'toilet', '5', NULL),
('15', 'snack', '5', NULL),
('16', 'relax', '5', NULL),
('17', 'mealpreperation', '5', NULL),
('18', 'relax', '5', NULL),
('19', 'cleaning', '5', NULL),
('20', 'personalhygiene', '5', NULL),
('21', 'read', '5', NULL),
('22', 'personalhygiene', '5', NULL),
('23', 'sleep', '5', NULL),
('24', 'END', '5', NULL),
('1', 'START', '6', NULL),
('2', 'toilet', '6', NULL),
('3', 'relax', '6', NULL),
('4', 'mealpreperation', '6', NULL),
('5', 'groom', '6', NULL),
('6', 'bathe', '6', NULL),
('7', 'dress', '6', NULL),
('8', 'personalhygiene', '6', NULL),
('9', 'outdoors', '6', NULL),
('10', 'snack', '6', NULL),
('11', 'eatingdrinking', '6', NULL),
('12', 'personalhygiene', '6', NULL),
('13', 'outdoors', '6', NULL),
('14', 'relax', '6', NULL),
('15', 'snack', '6', NULL),
('16', 'relax', '6', NULL),
('17', 'mealpreperation', '6', NULL),
('18', 'eatingdrinking', '6', NULL),
('19', 'personalhygiene', '6', NULL),
('20', 'relax', '6', NULL),
('21', 'personalhygiene', '6', NULL),
('22', 'sleep', '6', NULL),
('23', 'END', '6', NULL),
('1', 'START', '7', NULL),
('2', 'toilet', '7', NULL),
('3', 'sleep', '7', NULL),
('4', 'medication', '7', NULL),
('5', 'sleep', '7', NULL),
('6', 'toilet', '7', NULL),
('7', 'personalhygiene', '7', NULL),
('8', 'relax', '7', NULL),
('9', 'mealpreperation', '7', NULL),
('10', 'eatingdrinking', '7', NULL),
('11', 'cleaning', '7', NULL),
('12', 'relax', '7', NULL),
('13', 'personalhygiene', '7', NULL),
('14', 'groom', '7', NULL),
('15', 'personalhygiene', '7', NULL),
('16', 'relax', '7', NULL),
('17', 'personalhygiene', '7', NULL),
('18', 'relax', '7', NULL),
('19', 'snack', '7', NULL),
('20', 'personalhygiene', '7', NULL),
('21', 'relax', '7', NULL),
('22', 'personalhygiene', '7', NULL),
('23', 'toilet', '7', NULL),
('24', 'relax', '7', NULL),
('25', 'personalhygiene', '7', NULL),
('26', 'outdoors', '7', NULL),
('27', 'relax', '7', NULL),
('28', 'mealpreperation', '7', NULL),
('29', 'eatingdrinking', '7', NULL),
('30', 'relax', '7', NULL),
('31', 'snack', '7', NULL),
('32', 'read', '7', NULL),
('33', 'personalhygiene', '7', NULL),
('34', 'sleep', '7', NULL),
('35', 'END', '7', NULL),
('1', 'START', '8', NULL),
('2', 'toilet', '8', NULL),
('3', 'sleep', '8', NULL),
('4', 'toilet', '8', NULL),
('5', 'sleep', '8', NULL),
('6', 'toilet', '8', NULL),
('7', 'sleep', '8', NULL),
('8', 'relax', '8', NULL),
('9', 'mealpreperation', '8', NULL),
('10', 'personalhygiene', '8', NULL),
('11', 'dress', '8', NULL),
('12', 'groom', '8', NULL),
('13', 'outdoors', '8', NULL),
('14', 'toilet', '8', NULL),
('15', 'outdoors', '8', NULL),
('16', 'relax', '8', NULL),
('17', 'outdoors', '8', NULL),
('18', 'toilet', '8', NULL),
('19', 'relax', '8', NULL),
('20', 'mealpreperation', '8', NULL),
('21', 'eatingdrinking', '8', NULL),
('22', 'outdoors', '8', NULL),
('23', 'sleep', '8', NULL),
('24', 'relax', '8', NULL),
('25', 'personalhygiene', '8', NULL),
('26', 'relax', '8', NULL),
('27', 'snack', '8', NULL),
('28', 'mealpreperation', '8', NULL),
('29', 'eatingdrinking', '8', NULL),
('30', 'cleaning', '8', NULL),
('31', 'relax', '8', NULL),
('32', 'snack', '8', NULL),
('33', 'relax', '8', NULL),
('34', 'read', '8', NULL),
('35', 'personalhygiene', '8', NULL),
('36', 'sleep', '8', NULL),
('37', 'END', '8', NULL),
('1', 'START', '9', NULL),
('2', 'toilet', '9', NULL),
('3', 'sleep', '9', NULL),
('4', 'toilet', '9', NULL),
('5', 'sleep', '9', NULL),
('6', 'toilet', '9', NULL),
('7', 'sleep', '9', NULL),
('8', 'relax', '9', NULL),
('9', 'mealpreperation', '9', NULL),
('10', 'relax', '9', NULL),
('11', 'toilet', '9', NULL),
('12', 'work', '9', NULL),
('13', 'personalhygiene', '9', NULL),
('14', 'groom', '9', NULL),
('15', 'personalhygiene', '9', NULL),
('16', 'snack', '9', NULL),
('17', 'eatingdrinking', '9', NULL),
('18', 'cleaning', '9', NULL),
('19', 'relax', '9', NULL),
('20', 'snack', '9', NULL),
('21', 'relax', '9', NULL),
('22', 'toilet', '9', NULL),
('23', 'relax', '9', NULL),
('24', 'snack', '9', NULL),
('25', 'relax', '9', NULL),
('26', 'snack', '9', NULL),
('27', 'eatingdrinking', '9', NULL),
('28', 'cleaning', '9', NULL),
('29', 'relax', '9', NULL),
('30', 'personalhygiene', '9', NULL),
('31', 'relax', '9', NULL),
('32', 'outdoors', '9', NULL),
('33', 'toilet', '9', NULL),
('34', 'personalhygiene', '9', NULL),
('35', 'sleep', '9', NULL),
('36', 'END', '9', NULL),
('1', 'START', '10', NULL),
('2', 'toilet', '10', NULL),
('3', 'sleep', '10', NULL),
('4', 'toilet', '10', NULL),
('5', 'sleep', '10', NULL),
('6', 'relax', '10', NULL),
('7', 'mealpreperation', '10', NULL),
('8', 'eatingdrinking', '10', NULL),
('9', 'cleaning', '10', NULL),
('10', 'personalhygiene', '10', NULL),
('11', 'bathe', '10', NULL),
('12', 'personalhygiene', '10', NULL),
('13', 'groom', '10', NULL),
('14', 'personalhygiene', '10', NULL),
('15', 'snack', '10', NULL),
('16', 'toilet', '10', NULL),
('17', 'relax', '10', NULL),
('18', 'toilet', '10', NULL),
('19', 'outdoors', '10', NULL),
('20', 'snack', '10', NULL),
('21', 'relax', '10', NULL),
('22', 'mealpreperation', '10', NULL),
('23', 'eatingdrinking', '10', NULL),
('24', 'cleaning', '10', NULL),
('25', 'relax', '10', NULL),
('26', 'snack', '10', NULL),
('27', 'groom', '10', NULL),
('28', 'personalhygiene', '10', NULL),
('29', 'sleep', '10', NULL),
('30', 'toilet', '10', NULL),
('31', 'sleep', '10', NULL),
('32', 'END', '10', NULL),
('1', 'START', '11', NULL),
('2', 'toilet', '11', NULL),
('3', 'sleep', '11', NULL),
('4', 'toilet', '11', NULL),
('5', 'sleep', '11', NULL),
('6', 'toilet', '11', NULL),
('7', 'personalhygiene', '11', NULL),
('8', 'outdoors', '11', NULL),
('9', 'medication', '11', NULL),
('10', 'bathe', '11', NULL),
('11', 'dress', '11', NULL),
('12', 'personalhygiene', '11', NULL),
('13', 'toilet', '11', NULL),
('14', 'relax', '11', NULL),
('15', 'mealpreperation', '11', NULL),
('16', 'eatingdrinking', '11', NULL),
('17', 'cleaning', '11', NULL),
('18', 'relax', '11', NULL),
('19', 'toilet', '11', NULL),
('20', 'relax', '11', NULL),
('21', 'snack', '11', NULL),
('22', 'relax', '11', NULL),
('23', 'personalhygiene', '11', NULL),
('24', 'toilet', '11', NULL),
('25', 'outdoors', '11', NULL),
('26', 'personalhygiene', '11', NULL),
('27', 'relax', '11', NULL),
('28', 'watchtv', '11', NULL),
('29', 'personalhygiene', '11', NULL),
('30', 'toilet', '11', NULL),
('31', 'sleep', '11', NULL),
('32', 'END', '11', NULL),
('1', 'START', '12', NULL),
('2', 'toilet', '12', NULL),
('3', 'sleep', '12', NULL),
('4', 'toilet', '12', NULL),
('5', 'sleep', '12', NULL),
('6', 'personalhygiene', '12', NULL),
('7', 'relax', '12', NULL),
('8', 'mealpreperation', '12', NULL),
('9', 'relax', '12', NULL),
('10', 'work', '12', NULL),
('11', 'groom', '12', NULL),
('12', 'personalhygiene', '12', NULL),
('13', 'groom', '12', NULL),
('14', 'personalhygiene', '12', NULL),
('15', 'outdoors', '12', NULL),
('16', 'relax', '12', NULL),
('17', 'outdoors', '12', NULL),
('18', 'relax', '12', NULL),
('19', 'outdoors', '12', NULL),
('20', 'relax', '12', NULL),
('21', 'personalhygiene', '12', NULL),
('22', 'outdoors', '12', NULL),
('23', 'sleep', '12', NULL),
('24', 'relax', '12', NULL),
('25', 'sleep', '12', NULL),
('26', 'toilet', '12', NULL),
('27', 'snack', '12', NULL),
('28', 'eatingdrinking', '12', NULL),
('29', 'relax', '12', NULL),
('30', 'cleaning', '12', NULL),
('31', 'work', '12', NULL),
('32', 'groom', '12', NULL),
('33', 'relax', '12', NULL),
('34', 'groom', '12', NULL),
('35', 'personalhygiene', '12', NULL),
('36', 'sleep', '12', NULL),
('37', 'END', '12', NULL),
('1', 'START', '13', NULL),
('2', 'toilet', '13', NULL),
('3', 'sleep', '13', NULL),
('4', 'toilet', '13', NULL),
('5', 'sleep', '13', NULL),
('6', 'toilet', '13', NULL),
('7', 'relax', '13', NULL),
('8', 'mealpreperation', '13', NULL),
('9', 'personalhygiene', '13', NULL),
('10', 'dress', '13', NULL),
('11', 'personalhygiene', '13', NULL),
('12', 'outdoors', '13', NULL),
('13', 'snack', '13', NULL),
('14', 'eatingdrinking', '13', NULL),
('15', 'personalhygiene', '13', NULL),
('16', 'outdoors', '13', NULL),
('17', 'relax', '13', NULL),
('18', 'work', '13', NULL),
('19', 'personalhygiene', '13', NULL),
('20', 'snack', '13', NULL),
('21', 'personalhygiene', '13', NULL),
('22', 'outdoors', '13', NULL),
('23', 'mealpreperation', '13', NULL),
('24', 'eatingdrinking', '13', NULL),
('25', 'outdoors', '13', NULL),
('26', 'cleaning', '13', NULL),
('27', 'outdoors', '13', NULL),
('28', 'relax', '13', NULL),
('29', 'outdoors', '13', NULL),
('30', 'personalhygiene', '13', NULL),
('31', 'sleep', '13', NULL),
('32', 'END', '13', NULL),
('1', 'START', '14', NULL),
('2', 'toilet', '14', NULL),
('3', 'sleep', '14', NULL),
('4', 'toilet', '14', NULL),
('5', 'sleep', '14', NULL),
('6', 'mealpreperation', '14', NULL),
('7', 'eatingdrinking', '14', NULL),
('8', 'personalhygiene', '14', NULL),
('9', 'dress', '14', NULL),
('10', 'personalhygiene', '14', NULL),
('11', 'groom', '14', NULL),
('12', 'outdoors', '14', NULL),
('13', 'toilet', '14', NULL),
('14', 'snack', '14', NULL),
('15', 'relax', '14', NULL),
('16', 'outdoors', '14', NULL),
('17', 'snack', '14', NULL),
('18', 'relax', '14', NULL),
('19', 'cleaning', '14', NULL),
('20', 'mealpreperation', '14', NULL),
('21', 'eatingdrinking', '14', NULL),
('22', 'personalhygiene', '14', NULL),
('23', 'read', '14', NULL),
('24', 'relax', '14', NULL),
('25', 'personalhygiene', '14', NULL),
('26', 'sleep', '14', NULL),
('27', 'END', '14', NULL);

-- --------------------------------------------------------

--
-- Struttura della tabella `graphstochek`
--

CREATE TABLE `graphstochek` (
  `graphnumber` int(11) NOT NULL
) ENGINE=InnoDB DEFAULT CHARSET=latin1 COLLATE=latin1_swedish_ci;

--
-- Dump dei dati per la tabella `graphstochek`
--

INSERT INTO `graphstochek` (`graphnumber`) VALUES
(12);

-- --------------------------------------------------------

--
-- Struttura della tabella `mappingsubtrace`
--

CREATE TABLE `mappingsubtrace` (
  `id` int(11) NOT NULL,
  `numtrace` int(11) NOT NULL,
  `idsub` int(11) NOT NULL
) ENGINE=InnoDB DEFAULT CHARSET=latin1 COLLATE=latin1_swedish_ci;

--
-- Dump dei dati per la tabella `mappingsubtrace`
--

INSERT INTO `mappingsubtrace` (`id`, `numtrace`, `idsub`) VALUES
(1, 10, 0),
(2, 11, 0),
(3, 12, 0),
(4, 13, 0),
(5, 14, 0),
(6, 5, 0),
(7, 8, 0),
(8, 9, 0),
(9, 10, 1),
(10, 11, 1),
(11, 2, 1),
(12, 3, 1),
(13, 4, 1),
(14, 6, 1),
(15, 7, 1),
(16, 8, 1),
(17, 1, 2),
(18, 12, 2),
(19, 13, 2),
(20, 14, 2),
(21, 2, 2),
(22, 4, 2),
(23, 5, 2),
(24, 6, 2),
(25, 7, 2),
(26, 8, 2),
(27, 9, 2),
(28, 1, 3),
(29, 11, 3),
(30, 12, 3),
(31, 13, 3),
(32, 2, 3),
(33, 4, 3),
(34, 6, 3),
(35, 7, 3),
(36, 1, 4),
(37, 10, 4),
(38, 11, 4),
(39, 14, 4),
(40, 2, 4),
(41, 3, 4),
(42, 5, 4),
(43, 6, 4),
(44, 8, 4),
(45, 9, 4),
(46, 1, 5),
(47, 10, 5),
(48, 11, 5),
(49, 12, 5),
(50, 13, 5),
(51, 14, 5),
(52, 2, 5),
(53, 3, 5),
(54, 4, 5),
(55, 5, 5),
(56, 7, 5),
(57, 8, 5),
(58, 9, 5),
(59, 11, 6),
(60, 12, 6),
(61, 3, 6),
(62, 6, 6),
(63, 7, 6),
(64, 8, 6),
(65, 9, 6),
(66, 10, 7),
(67, 11, 7),
(68, 13, 7),
(69, 2, 7),
(70, 5, 7),
(71, 6, 7),
(72, 7, 7),
(73, 8, 7),
(74, 9, 7),
(75, 1, 8),
(76, 10, 8),
(77, 11, 8),
(78, 13, 8),
(79, 14, 8),
(80, 2, 8),
(81, 3, 8),
(82, 4, 8),
(83, 6, 8),
(84, 7, 8),
(85, 8, 8),
(86, 10, 9),
(87, 11, 9),
(88, 7, 9),
(89, 3, 10),
(90, 7, 10),
(91, 10, 11),
(92, 12, 11),
(93, 14, 11),
(94, 4, 11),
(95, 7, 11),
(96, 9, 11),
(97, 13, 12),
(98, 6, 12),
(99, 3, 13),
(100, 9, 13),
(101, 12, 14),
(102, 13, 14),
(103, 4, 14),
(104, 8, 14),
(105, 8, 15),
(106, 9, 15),
(107, 9, 16),
(108, 11, 17),
(109, 5, 17),
(110, 7, 17),
(111, 5, 18),
(112, 7, 18),
(113, 8, 18),
(114, 1, 19),
(115, 10, 19),
(116, 11, 19),
(117, 12, 19),
(118, 13, 19),
(119, 14, 19),
(120, 2, 19),
(121, 3, 19),
(122, 4, 19),
(123, 5, 19),
(124, 6, 19),
(125, 7, 19),
(126, 8, 19),
(127, 9, 19),
(128, 1, 20),
(129, 12, 20),
(130, 14, 20),
(131, 5, 20),
(132, 2, 21),
(133, 3, 21),
(134, 1, 22),
(135, 10, 22),
(136, 13, 22),
(137, 9, 22),
(138, 14, 23),
(139, 5, 23),
(140, 8, 23),
(141, 9, 23),
(142, 10, 24),
(143, 11, 24),
(144, 4, 24),
(145, 7, 24),
(146, 1, 25),
(147, 14, 25),
(148, 2, 25),
(149, 6, 25),
(150, 1, 26),
(151, 4, 26),
(152, 11, 27),
(153, 5, 27),
(154, 10, 28),
(155, 14, 28),
(156, 6, 28),
(157, 10, 29),
(158, 5, 29),
(159, 11, 30),
(160, 9, 30),
(161, 11, 31),
(162, 13, 31),
(163, 6, 31),
(164, 8, 31),
(165, 7, 32),
(166, 8, 32),
(167, 10, 33),
(168, 2, 33),
(169, 3, 33),
(170, 5, 33),
(171, 6, 33),
(172, 14, 34),
(173, 2, 34),
(174, 1, 35),
(175, 14, 35),
(176, 12, 36),
(177, 13, 36),
(178, 4, 36),
(179, 6, 36),
(180, 7, 36),
(181, 10, 37),
(182, 12, 37),
(183, 4, 37),
(184, 5, 37),
(185, 8, 37),
(186, 9, 37),
(187, 12, 38),
(188, 1, 39),
(189, 10, 39),
(190, 11, 39),
(191, 7, 39),
(192, 8, 39),
(193, 11, 40),
(194, 2, 40),
(195, 6, 40),
(196, 12, 41),
(197, 13, 41),
(198, 3, 41),
(199, 6, 41),
(200, 9, 41),
(201, 1, 42),
(202, 6, 43),
(203, 9, 44),
(204, 2, 45),
(205, 6, 46),
(206, 4, 47),
(207, 11, 48),
(208, 14, 49),
(209, 12, 50),
(210, 4, 50),
(211, 1, 51),
(212, 6, 52),
(213, 3, 53),
(214, 5, 54),
(215, 5, 55),
(216, 5, 56),
(217, 5, 57),
(218, 5, 58),
(219, 7, 59),
(220, 7, 60),
(221, 8, 61),
(222, 9, 61),
(223, 3, 62),
(224, 3, 63),
(225, 9, 64),
(226, 10, 65),
(227, 9, 66),
(228, 7, 67),
(229, 9, 68),
(230, 9, 69),
(231, 7, 70),
(232, 7, 71),
(233, 8, 72),
(234, 8, 73),
(235, 8, 74),
(236, 8, 75),
(237, 7, 76),
(238, 14, 77),
(239, 12, 78),
(240, 8, 79),
(241, 10, 80),
(242, 9, 81),
(243, 1, 82),
(244, 4, 82),
(245, 2, 83),
(246, 1, 84),
(247, 5, 85),
(248, 5, 86),
(249, 1, 87),
(250, 1, 88),
(251, 10, 89),
(252, 5, 89),
(253, 7, 90),
(254, 1, 91),
(255, 1, 92),
(256, 1, 93),
(257, 8, 94),
(258, 6, 95),
(259, 11, 96),
(260, 13, 96),
(261, 8, 96),
(262, 9, 96),
(263, 11, 97),
(264, 13, 98),
(265, 4, 99),
(266, 13, 100),
(267, 13, 101),
(268, 9, 102),
(269, 9, 103),
(270, 9, 104),
(271, 13, 105),
(272, 13, 106),
(273, 10, 107),
(274, 11, 107),
(275, 12, 107),
(276, 13, 107),
(277, 14, 107),
(278, 2, 107),
(279, 3, 107),
(280, 5, 107),
(281, 6, 107),
(282, 7, 107),
(283, 8, 107),
(284, 9, 107),
(285, 13, 108),
(286, 6, 109),
(287, 8, 110),
(288, 8, 111),
(289, 2, 112),
(290, 2, 113),
(291, 2, 114),
(292, 2, 115),
(293, 10, 116),
(294, 8, 117),
(295, 12, 118),
(296, 12, 119),
(297, 8, 120),
(298, 8, 121),
(299, 1, 122),
(300, 1, 123),
(301, 1, 124),
(302, 6, 125),
(303, 1, 126),
(304, 1, 127),
(305, 10, 128),
(306, 11, 128),
(307, 12, 128),
(308, 13, 128),
(309, 14, 128),
(310, 2, 128),
(311, 3, 128),
(312, 5, 128),
(313, 7, 128),
(314, 8, 128),
(315, 9, 128),
(316, 10, 129),
(317, 8, 130),
(318, 10, 131),
(319, 10, 132),
(320, 2, 133),
(321, 2, 134),
(322, 3, 135),
(323, 10, 136),
(324, 1, 137),
(325, 13, 138),
(326, 1, 139),
(327, 13, 140),
(328, 3, 141),
(329, 2, 142),
(330, 6, 142),
(331, 4, 143),
(332, 10, 144),
(333, 4, 145),
(334, 12, 146),
(335, 3, 147),
(336, 1, 148),
(337, 3, 149),
(338, 13, 150),
(339, 7, 151),
(340, 4, 152),
(341, 11, 153),
(342, 7, 153),
(343, 2, 154),
(344, 3, 155),
(345, 4, 155),
(346, 12, 156),
(347, 3, 156),
(348, 5, 156),
(349, 9, 156),
(350, 1, 157);

-- --------------------------------------------------------

--
-- Struttura della tabella `nodes`
--

CREATE TABLE `nodes` (
  `pos` int(11) NOT NULL,
  `id` int(11) NOT NULL,
  `label` varchar(400) NOT NULL,
  `id_wf` int(11) NOT NULL
) ENGINE=InnoDB DEFAULT CHARSET=latin1 COLLATE=latin1_swedish_ci;

--
-- Dump dei dati per la tabella `nodes`
--

INSERT INTO `nodes` (`pos`, `id`, `label`, `id_wf`) VALUES
(1, 1, 'START', 1),
(2, 2, 'sleep', 1),
(3, 3, 'toilet', 1),
(4, 4, 'sleep', 1),
(5, 5, 'toilet', 1),
(6, 6, 'dress', 1),
(7, 7, 'sleep', 1),
(8, 8, 'toilet', 1),
(9, 9, 'mealpreperation', 1),
(10, 10, 'eatingdrinking', 1),
(11, 11, 'cleaning', 1),
(12, 12, 'relax', 1),
(13, 13, 'personalhygiene', 1),
(14, 14, 'work', 1),
(15, 15, 'bathe', 1),
(16, 16, 'groom', 1),
(17, 17, 'toilet', 1),
(18, 18, 'mealpreperation', 1),
(19, 19, 'eatingdrinking', 1),
(20, 20, 'cleaning', 1),
(21, 21, 'read', 1),
(22, 22, 'relax', 1),
(23, 23, 'toilet', 1),
(24, 24, 'personalhygiene', 1),
(25, 25, 'snack', 1),
(26, 26, 'personalhygiene', 1),
(27, 27, 'watchtv', 1),
(28, 28, 'outdoors', 1),
(29, 29, 'mealpreperation', 1),
(30, 30, 'eatingdrinking', 1),
(31, 31, 'relax', 1),
(32, 32, 'cleaning', 1),
(33, 33, 'personalhygiene', 1),
(34, 34, 'outdoors', 1),
(35, 35, 'snack', 1),
(36, 36, 'relax', 1),
(37, 37, 'cleaning', 1),
(38, 38, 'relax', 1),
(39, 39, 'personalhygiene', 1),
(40, 40, 'sleep', 1),
(41, 41, 'END', 1),
(42, 1, 'START', 2),
(43, 2, 'toilet', 2),
(44, 3, 'sleep', 2),
(45, 4, 'snack', 2),
(46, 5, 'relax', 2),
(47, 6, 'mealpreperation', 2),
(48, 7, 'bathe', 2),
(49, 8, 'dress', 2),
(50, 9, 'personalhygiene', 2),
(51, 10, 'outdoors', 2),
(52, 11, 'snack', 2),
(53, 12, 'mealpreperation', 2),
(54, 13, 'eatingdrinking', 2),
(55, 14, 'cleaning', 2),
(56, 15, 'work', 2),
(57, 16, 'sleep', 2),
(58, 17, 'toilet', 2),
(59, 18, 'outdoors', 2),
(60, 19, 'work', 2),
(61, 20, 'snack', 2),
(62, 21, 'relax', 2),
(63, 22, 'outdoors', 2),
(64, 23, 'snack', 2),
(65, 24, 'relax', 2),
(66, 25, 'mealpreperation', 2),
(67, 26, 'eatingdrinking', 2),
(68, 27, 'cleaning', 2),
(69, 28, 'watchtv', 2),
(70, 29, 'snack', 2),
(71, 30, 'toilet', 2),
(72, 31, 'snack', 2),
(73, 32, 'toilet', 2),
(74, 33, 'relax', 2),
(75, 34, 'personalhygiene', 2),
(76, 35, 'sleep', 2),
(77, 36, 'END', 2),
(78, 1, 'START', 3),
(79, 2, 'toilet', 3),
(80, 3, 'sleep', 3),
(81, 4, 'medication', 3),
(82, 5, 'sleep', 3),
(83, 6, 'toilet', 3),
(84, 7, 'mealpreperation', 3),
(85, 8, 'relax', 3),
(86, 9, 'toilet', 3),
(87, 10, 'mealpreperation', 3),
(88, 11, 'relax', 3),
(89, 12, 'toilet', 3),
(90, 13, 'snack', 3),
(91, 14, 'eatingdrinking', 3),
(92, 15, 'cleaning', 3),
(93, 16, 'work', 3),
(94, 17, 'relax', 3),
(95, 18, 'snack', 3),
(96, 19, 'relax', 3),
(97, 20, 'personalhygiene', 3),
(98, 21, 'relax', 3),
(99, 22, 'toilet', 3),
(100, 23, 'snack', 3),
(101, 24, 'relax', 3),
(102, 25, 'mealpreperation', 3),
(103, 26, 'eatingdrinking', 3),
(104, 27, 'cleaning', 3),
(105, 28, 'watchtv', 3),
(106, 29, 'snack', 3),
(107, 30, 'watchtv', 3),
(108, 31, 'personalhygiene', 3),
(109, 32, 'read', 3),
(110, 33, 'sleep', 3),
(111, 34, 'END', 3),
(112, 1, 'START', 4),
(113, 2, 'sleep', 4),
(114, 3, 'toilet', 4),
(115, 4, 'sleep', 4),
(116, 5, 'personalhygiene', 4),
(117, 6, 'sleep', 4),
(118, 7, 'relax', 4),
(119, 8, 'mealpreperation', 4),
(120, 9, 'eatingdrinking', 4),
(121, 10, 'relax', 4),
(122, 11, 'personalhygiene', 4),
(123, 12, 'outdoors', 4),
(124, 13, 'relax', 4),
(125, 14, 'outdoors', 4),
(126, 15, 'sleep', 4),
(127, 16, 'toilet', 4),
(128, 17, 'work', 4),
(129, 18, 'relax', 4),
(130, 19, 'mealpreperation', 4),
(131, 20, 'eatingdrinking', 4),
(132, 21, 'relax', 4),
(133, 22, 'cleaning', 4),
(134, 23, 'relax', 4),
(135, 24, 'personalhygiene', 4),
(136, 25, 'groom', 4),
(137, 26, 'personalhygiene', 4),
(138, 27, 'sleep', 4),
(139, 28, 'END', 4),
(140, 1, 'START', 5),
(141, 2, 'toilet', 5),
(142, 3, 'sleep', 5),
(143, 4, 'toilet', 5),
(144, 5, 'sleep', 5),
(145, 6, 'relax', 5),
(146, 7, 'mealpreperation', 5),
(147, 8, 'work', 5),
(148, 9, 'personalhygiene', 5),
(149, 10, 'toilet', 5),
(150, 11, 'outdoors', 5),
(151, 12, 'toilet', 5),
(152, 13, 'relax', 5),
(153, 14, 'toilet', 5),
(154, 15, 'snack', 5),
(155, 16, 'relax', 5),
(156, 17, 'mealpreperation', 5),
(157, 18, 'relax', 5),
(158, 19, 'cleaning', 5),
(159, 20, 'personalhygiene', 5),
(160, 21, 'read', 5),
(161, 22, 'personalhygiene', 5),
(162, 23, 'sleep', 5),
(163, 24, 'END', 5),
(164, 1, 'START', 6),
(165, 2, 'toilet', 6),
(166, 3, 'relax', 6),
(167, 4, 'mealpreperation', 6),
(168, 5, 'groom', 6),
(169, 6, 'bathe', 6),
(170, 7, 'dress', 6),
(171, 8, 'personalhygiene', 6),
(172, 9, 'outdoors', 6),
(173, 10, 'snack', 6),
(174, 11, 'eatingdrinking', 6),
(175, 12, 'personalhygiene', 6),
(176, 13, 'outdoors', 6),
(177, 14, 'relax', 6),
(178, 15, 'snack', 6),
(179, 16, 'relax', 6),
(180, 17, 'mealpreperation', 6),
(181, 18, 'eatingdrinking', 6),
(182, 19, 'personalhygiene', 6),
(183, 20, 'relax', 6),
(184, 21, 'personalhygiene', 6),
(185, 22, 'sleep', 6),
(186, 23, 'END', 6),
(187, 1, 'START', 7),
(188, 2, 'toilet', 7),
(189, 3, 'sleep', 7),
(190, 4, 'medication', 7),
(191, 5, 'sleep', 7),
(192, 6, 'toilet', 7),
(193, 7, 'personalhygiene', 7),
(194, 8, 'relax', 7),
(195, 9, 'mealpreperation', 7),
(196, 10, 'eatingdrinking', 7),
(197, 11, 'cleaning', 7),
(198, 12, 'relax', 7),
(199, 13, 'personalhygiene', 7),
(200, 14, 'groom', 7),
(201, 15, 'personalhygiene', 7),
(202, 16, 'relax', 7),
(203, 17, 'personalhygiene', 7),
(204, 18, 'relax', 7),
(205, 19, 'snack', 7),
(206, 20, 'personalhygiene', 7),
(207, 21, 'relax', 7),
(208, 22, 'personalhygiene', 7),
(209, 23, 'toilet', 7),
(210, 24, 'relax', 7),
(211, 25, 'personalhygiene', 7),
(212, 26, 'outdoors', 7),
(213, 27, 'relax', 7),
(214, 28, 'mealpreperation', 7),
(215, 29, 'eatingdrinking', 7),
(216, 30, 'relax', 7),
(217, 31, 'snack', 7),
(218, 32, 'read', 7),
(219, 33, 'personalhygiene', 7),
(220, 34, 'sleep', 7),
(221, 35, 'END', 7),
(222, 1, 'START', 8),
(223, 2, 'toilet', 8),
(224, 3, 'sleep', 8),
(225, 4, 'toilet', 8),
(226, 5, 'sleep', 8),
(227, 6, 'toilet', 8),
(228, 7, 'sleep', 8),
(229, 8, 'relax', 8),
(230, 9, 'mealpreperation', 8),
(231, 10, 'personalhygiene', 8),
(232, 11, 'dress', 8),
(233, 12, 'groom', 8),
(234, 13, 'outdoors', 8),
(235, 14, 'toilet', 8),
(236, 15, 'outdoors', 8),
(237, 16, 'relax', 8),
(238, 17, 'outdoors', 8),
(239, 18, 'toilet', 8),
(240, 19, 'relax', 8),
(241, 20, 'mealpreperation', 8),
(242, 21, 'eatingdrinking', 8),
(243, 22, 'outdoors', 8),
(244, 23, 'sleep', 8),
(245, 24, 'relax', 8),
(246, 25, 'personalhygiene', 8),
(247, 26, 'relax', 8),
(248, 27, 'snack', 8),
(249, 28, 'mealpreperation', 8),
(250, 29, 'eatingdrinking', 8),
(251, 30, 'cleaning', 8),
(252, 31, 'relax', 8),
(253, 32, 'snack', 8),
(254, 33, 'relax', 8),
(255, 34, 'read', 8),
(256, 35, 'personalhygiene', 8),
(257, 36, 'sleep', 8),
(258, 37, 'END', 8),
(259, 1, 'START', 9),
(260, 2, 'toilet', 9),
(261, 3, 'sleep', 9),
(262, 4, 'toilet', 9),
(263, 5, 'sleep', 9),
(264, 6, 'toilet', 9),
(265, 7, 'sleep', 9),
(266, 8, 'relax', 9),
(267, 9, 'mealpreperation', 9),
(268, 10, 'relax', 9),
(269, 11, 'toilet', 9),
(270, 12, 'work', 9),
(271, 13, 'personalhygiene', 9),
(272, 14, 'groom', 9),
(273, 15, 'personalhygiene', 9),
(274, 16, 'snack', 9),
(275, 17, 'eatingdrinking', 9),
(276, 18, 'cleaning', 9),
(277, 19, 'relax', 9),
(278, 20, 'snack', 9),
(279, 21, 'relax', 9),
(280, 22, 'toilet', 9),
(281, 23, 'relax', 9),
(282, 24, 'snack', 9),
(283, 25, 'relax', 9),
(284, 26, 'snack', 9),
(285, 27, 'eatingdrinking', 9),
(286, 28, 'cleaning', 9),
(287, 29, 'relax', 9),
(288, 30, 'personalhygiene', 9),
(289, 31, 'relax', 9),
(290, 32, 'outdoors', 9),
(291, 33, 'toilet', 9),
(292, 34, 'personalhygiene', 9),
(293, 35, 'sleep', 9),
(294, 36, 'END', 9),
(295, 1, 'START', 10),
(296, 2, 'toilet', 10),
(297, 3, 'sleep', 10),
(298, 4, 'toilet', 10),
(299, 5, 'sleep', 10),
(300, 6, 'relax', 10),
(301, 7, 'mealpreperation', 10),
(302, 8, 'eatingdrinking', 10),
(303, 9, 'cleaning', 10),
(304, 10, 'personalhygiene', 10),
(305, 11, 'bathe', 10),
(306, 12, 'personalhygiene', 10),
(307, 13, 'groom', 10),
(308, 14, 'personalhygiene', 10),
(309, 15, 'snack', 10),
(310, 16, 'toilet', 10),
(311, 17, 'relax', 10),
(312, 18, 'toilet', 10),
(313, 19, 'outdoors', 10),
(314, 20, 'snack', 10),
(315, 21, 'relax', 10),
(316, 22, 'mealpreperation', 10),
(317, 23, 'eatingdrinking', 10),
(318, 24, 'cleaning', 10),
(319, 25, 'relax', 10),
(320, 26, 'snack', 10),
(321, 27, 'groom', 10),
(322, 28, 'personalhygiene', 10),
(323, 29, 'sleep', 10),
(324, 30, 'toilet', 10),
(325, 31, 'sleep', 10),
(326, 32, 'END', 10),
(327, 1, 'START', 11),
(328, 2, 'toilet', 11),
(329, 3, 'sleep', 11),
(330, 4, 'toilet', 11),
(331, 5, 'sleep', 11),
(332, 6, 'toilet', 11),
(333, 7, 'personalhygiene', 11),
(334, 8, 'outdoors', 11),
(335, 9, 'medication', 11),
(336, 10, 'bathe', 11),
(337, 11, 'dress', 11),
(338, 12, 'personalhygiene', 11),
(339, 13, 'toilet', 11),
(340, 14, 'relax', 11),
(341, 15, 'mealpreperation', 11),
(342, 16, 'eatingdrinking', 11),
(343, 17, 'cleaning', 11),
(344, 18, 'relax', 11),
(345, 19, 'toilet', 11),
(346, 20, 'relax', 11),
(347, 21, 'snack', 11),
(348, 22, 'relax', 11),
(349, 23, 'personalhygiene', 11),
(350, 24, 'toilet', 11),
(351, 25, 'outdoors', 11),
(352, 26, 'personalhygiene', 11),
(353, 27, 'relax', 11),
(354, 28, 'watchtv', 11),
(355, 29, 'personalhygiene', 11),
(356, 30, 'toilet', 11),
(357, 31, 'sleep', 11),
(358, 32, 'END', 11),
(359, 1, 'START', 12),
(360, 2, 'toilet', 12),
(361, 3, 'sleep', 12),
(362, 4, 'toilet', 12),
(363, 5, 'sleep', 12),
(364, 6, 'personalhygiene', 12),
(365, 7, 'relax', 12),
(366, 8, 'mealpreperation', 12),
(367, 9, 'relax', 12),
(368, 10, 'work', 12),
(369, 11, 'groom', 12),
(370, 12, 'personalhygiene', 12),
(371, 13, 'groom', 12),
(372, 14, 'personalhygiene', 12),
(373, 15, 'outdoors', 12),
(374, 16, 'relax', 12),
(375, 17, 'outdoors', 12),
(376, 18, 'relax', 12),
(377, 19, 'outdoors', 12),
(378, 20, 'relax', 12),
(379, 21, 'personalhygiene', 12),
(380, 22, 'outdoors', 12),
(381, 23, 'sleep', 12),
(382, 24, 'relax', 12),
(383, 25, 'sleep', 12),
(384, 26, 'toilet', 12),
(385, 27, 'snack', 12),
(386, 28, 'eatingdrinking', 12),
(387, 29, 'relax', 12),
(388, 30, 'cleaning', 12),
(389, 31, 'work', 12),
(390, 32, 'groom', 12),
(391, 33, 'relax', 12),
(392, 34, 'groom', 12),
(393, 35, 'personalhygiene', 12),
(394, 36, 'sleep', 12),
(395, 37, 'END', 12),
(396, 1, 'START', 13),
(397, 2, 'toilet', 13),
(398, 3, 'sleep', 13),
(399, 4, 'toilet', 13),
(400, 5, 'sleep', 13),
(401, 6, 'toilet', 13),
(402, 7, 'relax', 13),
(403, 8, 'mealpreperation', 13),
(404, 9, 'personalhygiene', 13),
(405, 10, 'dress', 13),
(406, 11, 'personalhygiene', 13),
(407, 12, 'outdoors', 13),
(408, 13, 'snack', 13),
(409, 14, 'eatingdrinking', 13),
(410, 15, 'personalhygiene', 13),
(411, 16, 'outdoors', 13),
(412, 17, 'relax', 13),
(413, 18, 'work', 13),
(414, 19, 'personalhygiene', 13),
(415, 20, 'snack', 13),
(416, 21, 'personalhygiene', 13),
(417, 22, 'outdoors', 13),
(418, 23, 'mealpreperation', 13),
(419, 24, 'eatingdrinking', 13),
(420, 25, 'outdoors', 13),
(421, 26, 'cleaning', 13),
(422, 27, 'outdoors', 13),
(423, 28, 'relax', 13),
(424, 29, 'outdoors', 13),
(425, 30, 'personalhygiene', 13),
(426, 31, 'sleep', 13),
(427, 32, 'END', 13),
(428, 1, 'START', 14),
(429, 2, 'toilet', 14),
(430, 3, 'sleep', 14),
(431, 4, 'toilet', 14),
(432, 5, 'sleep', 14),
(433, 6, 'mealpreperation', 14),
(434, 7, 'eatingdrinking', 14),
(435, 8, 'personalhygiene', 14),
(436, 9, 'dress', 14),
(437, 10, 'personalhygiene', 14),
(438, 11, 'groom', 14),
(439, 12, 'outdoors', 14),
(440, 13, 'toilet', 14),
(441, 14, 'snack', 14),
(442, 15, 'relax', 14),
(443, 16, 'outdoors', 14),
(444, 17, 'snack', 14),
(445, 18, 'relax', 14),
(446, 19, 'cleaning', 14),
(447, 20, 'mealpreperation', 14),
(448, 21, 'eatingdrinking', 14),
(449, 22, 'personalhygiene', 14),
(450, 23, 'read', 14),
(451, 24, 'relax', 14),
(452, 25, 'personalhygiene', 14),
(453, 26, 'sleep', 14),
(454, 27, 'END', 14);

-- --------------------------------------------------------

--
-- Struttura della tabella `parentchildren`
--

CREATE TABLE `parentchildren` (
  `id` int(11) NOT NULL,
  `parent` varchar(1000) NOT NULL,
  `child` varchar(1000) NOT NULL
) ENGINE=InnoDB DEFAULT CHARSET=latin1 COLLATE=latin1_swedish_ci;

--
-- Dump dei dati per la tabella `parentchildren`
--

INSERT INTO `parentchildren` (`id`, `parent`, `child`) VALUES
(0, '1', '9'),
(0, '5', '10'),
(0, '3', '12'),
(0, '3', '12'),
(0, '0', '15'),
(0, '2', '18'),
(0, '1', '21'),
(0, '1', '24'),
(0, '2', '25'),
(0, '5', '26'),
(0, '17', '27'),
(0, '8', '28'),
(0, '7', '29'),
(0, '7', '30'),
(0, '4', '30'),
(0, '7', '31'),
(0, '6', '32'),
(0, '4', '33'),
(0, '4', '34'),
(0, '4', '35'),
(0, '3', '36'),
(0, '8', '39'),
(0, '35', '42'),
(0, '25', '42'),
(0, '31', '43'),
(0, '23', '44'),
(0, '2', '44'),
(0, '7', '45'),
(0, '2', '45'),
(0, '6', '46'),
(0, '2', '46'),
(0, '11', '47'),
(0, '2', '47'),
(0, '19', '48'),
(0, '17', '48'),
(0, '28', '49'),
(0, '0', '49'),
(0, '2', '50'),
(0, '26', '51'),
(0, '5', '51'),
(0, '46', '52'),
(0, '1', '52'),
(0, '19', '53'),
(0, '18', '54'),
(0, '54', '55'),
(0, '20', '55'),
(0, '55', '56'),
(0, '33', '56'),
(0, '56', '57'),
(0, '29', '57'),
(0, '57', '58'),
(0, '27', '58'),
(0, '18', '59'),
(0, '59', '60'),
(0, '24', '60'),
(0, '15', '61'),
(0, '53', '62'),
(0, '13', '63'),
(0, '10', '63'),
(0, '15', '64'),
(0, '13', '64'),
(0, '19', '65'),
(0, '5', '65'),
(0, '44', '66'),
(0, '6', '66'),
(0, '10', '67'),
(0, '66', '68'),
(0, '16', '68'),
(0, '68', '69'),
(0, '30', '69'),
(0, '67', '70'),
(0, '9', '70'),
(0, '70', '71'),
(0, '11', '71'),
(0, '18', '72'),
(0, '4', '72'),
(0, '72', '73'),
(0, '39', '73'),
(0, '73', '74'),
(0, '32', '74'),
(0, '74', '75'),
(0, '37', '75'),
(0, '71', '76'),
(0, '6', '76'),
(0, '25', '77'),
(0, '6', '78'),
(0, '0', '78'),
(0, '61', '79'),
(0, '65', '80'),
(0, '69', '81'),
(0, '4', '81'),
(0, '26', '82'),
(0, '45', '83'),
(0, '51', '84'),
(0, '58', '85'),
(0, '85', '86'),
(0, '42', '87'),
(0, '3', '87'),
(0, '87', '88'),
(0, '20', '88'),
(0, '0', '89'),
(0, '60', '90'),
(0, '3', '90'),
(0, '88', '91'),
(0, '8', '91'),
(0, '84', '92'),
(0, '5', '92'),
(0, '91', '93'),
(0, '79', '94'),
(0, '43', '95'),
(0, '0', '96'),
(0, '96', '97'),
(0, '3', '97'),
(0, '31', '98'),
(0, '0', '98'),
(0, '82', '99'),
(0, '98', '100'),
(0, '100', '101'),
(0, '12', '101'),
(0, '64', '102'),
(0, '102', '103'),
(0, '11', '103'),
(0, '103', '104'),
(0, '101', '105'),
(0, '105', '106'),
(0, '22', '106'),
(0, '106', '108'),
(0, '3', '108'),
(0, '95', '109'),
(0, '94', '110'),
(0, '110', '111'),
(0, '23', '111'),
(0, '83', '112'),
(0, '112', '113'),
(0, '21', '113'),
(0, '113', '114'),
(0, '34', '114'),
(0, '114', '115'),
(0, '80', '116'),
(0, '111', '117'),
(0, '14', '117'),
(0, '50', '118'),
(0, '118', '119'),
(0, '38', '119'),
(0, '117', '120'),
(0, '120', '121'),
(0, '1', '121'),
(0, '93', '122'),
(0, '122', '123'),
(0, '123', '124'),
(0, '22', '124'),
(0, '52', '125'),
(0, '124', '126'),
(0, '126', '127'),
(0, '107', '128'),
(0, '116', '129'),
(0, '121', '130'),
(0, '129', '131'),
(0, '9', '131'),
(0, '131', '132'),
(0, '115', '133'),
(0, '133', '134'),
(0, '5', '134'),
(0, '62', '135'),
(0, '132', '136'),
(0, '108', '138'),
(0, '8', '138'),
(0, '14', '140'),
(0, '2', '140'),
(0, '41', '141'),
(0, '13', '141'),
(0, '40', '142'),
(0, '3', '142'),
(0, '36', '143'),
(0, '24', '143'),
(0, '11', '144'),
(0, '47', '145'),
(0, '38', '146'),
(0, '11', '146'),
(0, '141', '147'),
(0, '139', '148'),
(0, '6', '149'),
(0, '4', '149'),
(0, '138', '150'),
(0, '32', '151'),
(0, '6', '151'),
(0, '5', '152'),
(0, '7', '153'),
(0, '134', '154'),
(0, '148', '157'),
(0, '8', '157'),
(0, '158', '159'),
(0, '154', '159'),
(0, '158', '160'),
(0, '145', '160'),
(0, '158', '161'),
(0, '157', '161');

-- --------------------------------------------------------

--
-- Struttura della tabella `place`
--

CREATE TABLE `place` (
  `id` varchar(100) NOT NULL,
  `name` varchar(500) NOT NULL
) ENGINE=InnoDB DEFAULT CHARSET=latin1 COLLATE=latin1_swedish_ci;

--
-- Dump dei dati per la tabella `place`
--

INSERT INTO `place` (`id`, `name`) VALUES
('n1', 'source 1331'),
('n10', 'sink 142'),
('n11', 'source 143'),
('n12', 'sink 144'),
('n13', 'source 145'),
('n14', 'sink 146'),
('n15', 'sink 147'),
('n16', 'sink 148'),
('n2', 'sink 134'),
('n3', 'sink 135'),
('n4', 'sink 136'),
('n5', 'middle 137'),
('n6', 'sink 138'),
('n7', 'middle 139'),
('n8', 'sink 140'),
('n9', 'sink 141');

-- --------------------------------------------------------

--
-- Struttura della tabella `startend`
--

CREATE TABLE `startend` (
  `event` varchar(200) NOT NULL,
  `type` varchar(10) NOT NULL
) ENGINE=InnoDB DEFAULT CHARSET=latin1 COLLATE=latin1_swedish_ci;

-- --------------------------------------------------------

--
-- Struttura della tabella `submeasures`
--

CREATE TABLE `submeasures` (
  `idsub` int(11) NOT NULL,
  `subcontent` text NOT NULL,
  `subrep` double NOT NULL,
  `subfreq` int(11) NOT NULL,
  `subelements` longtext DEFAULT NULL,
  `subsfile` varchar(500) NOT NULL DEFAULT '',
  `numNodes` int(11) DEFAULT NULL
) ENGINE=InnoDB DEFAULT CHARSET=latin1 COLLATE=latin1_swedish_ci;

--
-- Dump dei dati per la tabella `submeasures`
--

INSERT INTO `submeasures` (`idsub`, `subcontent`, `subrep`, `subfreq`, `subelements`, `subsfile`, `numNodes`) VALUES
(0, 'v 1 START\nv 2 toilet\nv 3 sleep\nv 4 toilet\nv 5 sleep\nd 1 2 START__toilet\nd 2 3 toilet__sleep\nd 3 4 sleep__toilet\nd 4 5 toilet__sleep\n', 8, 8, NULL, '', NULL),
(1, 'v 6 relax\nv 7 mealpreperation\nv 8 eatingdrinking\nd 6 7 relax__mealpreperation\nd 7 8 mealpreperation__eatingdrinking\n', 8, 11, NULL, '', NULL),
(2, 'v 39 personalhygiene\nv 40 sleep\nv 41 END\nd 39 40 personalhygiene__sleep\nd 40 41 sleep__END\n', 11, 11, NULL, '', NULL),
(3, 'v 33 personalhygiene\nv 34 outdoors\nd 33 34 personalhygiene__outdoors\n', 8, 12, NULL, '', NULL),
(4, 'v 35 snack\nv 36 relax\nd 35 36 snack__relax\n', 10, 15, NULL, '', NULL),
(5, 'v 7 sleep\nv 8 toilet\nd 7 8 sleep__toilet\n', 13, 22, NULL, '', NULL),
(6, 'v 26 personalhygiene\nv 27 relax\nd 26 27 personalhygiene__relax\n', 7, 10, NULL, '', NULL),
(7, 'v 16 toilet\nv 17 relax\nd 16 17 toilet__relax\n', 9, 10, NULL, '', NULL),
(8, 'v 29 mealpreperation\nv 30 eatingdrinking\nd 29 30 mealpreperation__eatingdrinking\n', 11, 19, NULL, '', NULL),
(9, 'v 1 SUB_2 \nv 2 cleaning \nv 3 relax \nd 1 2 mealpreperation__cleaning\nd 1 3 eatingdrinking__relax\nd 2 3 cleaning__relax\n\n', 3, 3, 'v 1 relax\nv 2 mealpreperation\nv 3 eatingdrinking\nv 4 cleaning\nv 5 relax\n e 1 2 relax__mealpreperation\n e 2 3 mealpreperation__eatingdrinking\n e 2 4 mealpreperation__cleaning\n e 4 5 cleaning__relax\n e 3 5 eatingdrinking__relax\n', '', NULL),
(10, 'v 1 SUB_6 \nv 2 START \nv 3 toilet \nv 4 sleep \nv 5 medication \nd 2 3 START__toilet\nd 3 4 toilet__sleep\nd 4 5 sleep__medication\nd 5 1 medication__sleep\n\n', 2, 2, 'v 1 sleep\nv 2 toilet\nv 3 medication\nv 4 START\nv 5 toilet\nv 6 sleep\n e 1 2 sleep__toilet\n e 3 1 medication__sleep\n e 4 5 START__toilet\n e 5 6 toilet__sleep\n e 6 3 sleep__medication\n', '', NULL),
(11, 'v 12 personalhygiene\nv 13 groom\nd 12 13 personalhygiene__groom\n', 6, 6, NULL, '', NULL),
(12, 'v 1 SUB_4 \nv 2 SUB_4 \nv 3 dress \nv 4 snack \nv 5 eatingdrinking \nv 6 relax \nd 3 1 dress__personalhygiene\nd 1 4 outdoors__snack\nd 2 6 outdoors__relax\nd 4 5 snack__eatingdrinking\nd 5 2 eatingdrinking__personalhygiene\n\n', 2, 2, 'v 1 personalhygiene\nv 2 outdoors\nv 3 eatingdrinking\nv 4 personalhygiene\nv 5 outdoors\nv 6 dress\nv 7 snack\nv 8 relax\n e 1 2 personalhygiene__outdoors\n e 3 1 eatingdrinking__personalhygiene\n e 4 5 personalhygiene__outdoors\n e 6 4 dress__personalhygiene\n e 7 3 snack__eatingdrinking\n e 5 7 outdoors__snack\n e 2 8 outdoors__relax\n', '', NULL),
(13, 'v 7 mealpreperation\nv 8 relax\nv 9 toilet\nd 7 8 mealpreperation__relax\nd 8 9 relax__toilet\n', 2, 3, NULL, '', NULL),
(14, 'v 17 outdoors\nv 18 relax\nv 19 outdoors\nd 17 18 outdoors__relax\nd 18 19 relax__outdoors\n', 4, 4, NULL, '', NULL),
(15, 'v 1 SUB_1 \nv 2 toilet \nv 3 sleep \nv 4 relax \nd 1 2 sleep__toilet\nd 2 3 toilet__sleep\nd 3 4 sleep__relax\n\n', 2, 2, 'v 1 START\nv 2 toilet\nv 3 sleep\nv 4 toilet\nv 5 sleep\nv 6 toilet\nv 7 sleep\nv 8 relax\n e 1 2 START__toilet\n e 2 3 toilet__sleep\n e 3 4 sleep__toilet\n e 4 5 toilet__sleep\n e 5 6 sleep__toilet\n e 6 7 toilet__sleep\n e 7 8 sleep__relax\n', '', NULL),
(16, 'v 16 snack\nv 17 eatingdrinking\nv 18 cleaning\nv 19 relax\nd 17 19 eatingdrinking__relax\nd 18 19 cleaning__relax\nd 16 17 snack__eatingdrinking\nd 16 18 snack__cleaning\n', 1, 2, NULL, '', NULL),
(17, 'v 29 personalhygiene\nv 30 toilet\nd 29 30 personalhygiene__toilet\n', 3, 5, NULL, '', NULL),
(18, 'v 1 SUB_3 \nv 2 read \nd 2 1 read__personalhygiene\n\n', 3, 3, 'v 1 personalhygiene\nv 2 sleep\nv 3 END\nv 4 read\n e 1 2 personalhygiene__sleep\n e 2 3 sleep__END\n e 4 1 read__personalhygiene\n', '', NULL),
(19, 'v 40 sleep\nv 41 END\nd 40 41 sleep__END\n', 14, 14, NULL, '', NULL),
(20, 'v 36 relax\nv 37 cleaning\nd 36 37 relax__cleaning\n', 4, 5, NULL, '', NULL),
(21, 'v 1 SUB_2 \nv 2 snack \nv 3 cleaning \nv 4 watchtv \nv 5 snack \nd 2 1 snack__relax\nd 1 3 mealpreperation__cleaning\nd 3 4 cleaning__watchtv\nd 1 4 eatingdrinking__watchtv\nd 4 5 watchtv__snack\n\n', 2, 2, 'v 1 relax\nv 2 mealpreperation\nv 3 eatingdrinking\nv 4 snack\nv 5 cleaning\nv 6 watchtv\nv 7 snack\n e 1 2 relax__mealpreperation\n e 2 3 mealpreperation__eatingdrinking\n e 4 1 snack__relax\n e 5 6 cleaning__watchtv\n e 6 7 watchtv__snack\n e 2 5 mealpreperation__cleaning\n e 3 6 eatingdrinking__watchtv\n', '', NULL),
(22, 'v 24 personalhygiene\nv 25 snack\nd 24 25 personalhygiene__snack\n', 4, 4, NULL, '', NULL),
(23, 'v 12 outdoors\nv 13 toilet\nd 12 13 outdoors__toilet\n', 4, 5, NULL, '', NULL),
(24, 'v 1 SUB_2 \nv 2 relax \nd 1 2 eatingdrinking__relax\n\n', 4, 6, 'v 1 relax\nv 2 mealpreperation\nv 3 eatingdrinking\nv 4 relax\n e 1 2 relax__mealpreperation\n e 2 3 mealpreperation__eatingdrinking\n e 3 4 eatingdrinking__relax\n', '', NULL),
(25, 'v 1 SUB_3 \nv 2 relax \nd 2 1 relax__personalhygiene\n\n', 4, 4, 'v 1 personalhygiene\nv 2 sleep\nv 3 END\nv 4 relax\n e 1 2 personalhygiene__sleep\n e 2 3 sleep__END\n e 4 1 relax__personalhygiene\n', '', NULL),
(26, 'v 1 SUB_6 \nv 2 START \nd 2 1 START__sleep\n\n', 2, 2, 'v 1 sleep\nv 2 toilet\nv 3 START\n e 1 2 sleep__toilet\n e 3 1 START__sleep\n', '', NULL),
(27, 'v 1 SUB_18 \nv 2 outdoors \nd 1 2 toilet__outdoors\n\n', 2, 2, 'v 1 personalhygiene\nv 2 toilet\nv 3 outdoors\n e 1 2 personalhygiene__toilet\n e 2 3 toilet__outdoors\n', '', NULL),
(28, 'v 1 SUB_9 \nv 2 personalhygiene \nd 1 2 eatingdrinking__personalhygiene\n\n', 3, 4, 'v 1 mealpreperation\nv 2 eatingdrinking\nv 3 personalhygiene\n e 1 2 mealpreperation__eatingdrinking\n e 2 3 eatingdrinking__personalhygiene\n', '', NULL),
(29, 'v 1 SUB_8 \nv 2 toilet \nd 1 2 relax__toilet\n\n', 2, 2, 'v 1 toilet\nv 2 relax\nv 3 toilet\n e 1 2 toilet__relax\n e 2 3 relax__toilet\n', '', NULL),
(30, 'v 1 SUB_8 \nv 2 SUB_5 \nd 1 2 relax__snack\n\n', 2, 2, 'v 1 toilet\nv 2 relax\nv 3 snack\nv 4 relax\n e 1 2 toilet__relax\n e 2 3 relax__snack\n e 3 4 snack__relax\n', '', NULL),
(31, 'v 1 SUB_8 \nv 2 mealpreperation \nd 1 2 relax__mealpreperation\n\n', 4, 4, 'v 1 toilet\nv 2 relax\nv 3 mealpreperation\n e 1 2 toilet__relax\n e 2 3 relax__mealpreperation\n', '', NULL),
(32, 'v 1 SUB_7 \nv 2 snack \nd 1 2 relax__snack\n\n', 2, 2, 'v 1 personalhygiene\nv 2 relax\nv 3 snack\n e 1 2 personalhygiene__relax\n e 2 3 relax__snack\n', '', NULL),
(33, 'v 1 SUB_5 \nv 2 mealpreperation \nd 1 2 relax__mealpreperation\n\n', 5, 6, 'v 1 snack\nv 2 relax\nv 3 mealpreperation\n e 1 2 snack__relax\n e 2 3 relax__mealpreperation\n', '', NULL),
(34, 'v 1 SUB_5 \nv 2 outdoors \nd 1 2 relax__outdoors\n\n', 2, 2, 'v 1 snack\nv 2 relax\nv 3 outdoors\n e 1 2 snack__relax\n e 2 3 relax__outdoors\n', '', NULL),
(35, 'v 1 SUB_5 \nv 2 cleaning \nd 1 2 relax__cleaning\n\n', 2, 2, 'v 1 snack\nv 2 relax\nv 3 cleaning\n e 1 2 snack__relax\n e 2 3 relax__cleaning\n', '', NULL),
(36, 'v 1 SUB_4 \nv 2 relax \nd 1 2 outdoors__relax\n\n', 5, 5, 'v 1 personalhygiene\nv 2 outdoors\nv 3 relax\n e 1 2 personalhygiene__outdoors\n e 2 3 outdoors__relax\n', '', NULL),
(37, 'v 5 sleep\nv 6 relax\nd 5 6 sleep__relax\n', 6, 7, NULL, '', NULL),
(38, 'v 31 work\nv 32 groom\nd 31 32 work__groom\n', 1, 2, NULL, '', NULL),
(39, 'v 1 SUB_9 \nv 2 cleaning \nv 3 relax \nd 1 2 mealpreperation__cleaning\nd 1 3 eatingdrinking__relax\nd 2 3 cleaning__relax\n\n', 5, 5, 'v 1 mealpreperation\nv 2 eatingdrinking\nv 3 cleaning\nv 4 relax\n e 1 2 mealpreperation__eatingdrinking\n e 1 3 mealpreperation__cleaning\n e 3 4 cleaning__relax\n e 2 4 eatingdrinking__relax\n', '', NULL),
(40, 'v 10 bathe\nv 11 dress\nd 10 11 bathe__dress\n', 3, 3, NULL, '', NULL),
(41, 'v 27 snack\nv 28 eatingdrinking\nd 27 28 snack__eatingdrinking\n', 5, 6, NULL, '', NULL),
(42, 'v 1 SUB_36 \nv 2 SUB_26 \nd 1 2 cleaning__relax\n\n', 1, 1, 'v 1 snack\nv 2 relax\nv 3 cleaning\nv 4 relax\nv 5 personalhygiene\nv 6 sleep\nv 7 END\n e 1 2 snack__relax\n e 2 3 relax__cleaning\n e 3 4 cleaning__relax\n e 4 5 relax__personalhygiene\n e 5 6 personalhygiene__sleep\n e 6 7 sleep__END\n', '', NULL),
(43, 'v 1 SUB_32 \nv 2 START \nd 2 1 START__toilet\n\n', 1, 1, 'v 1 toilet\nv 2 relax\nv 3 mealpreperation\nv 4 START\n e 1 2 toilet__relax\n e 2 3 relax__mealpreperation\n e 4 1 START__toilet\n', '', NULL),
(44, 'v 1 SUB_24 \nv 2 SUB_3 \nd 1 2 toilet__personalhygiene\n\n', 1, 1, 'v 1 outdoors\nv 2 toilet\nv 3 personalhygiene\nv 4 sleep\nv 5 END\n e 1 2 outdoors__toilet\n e 2 3 toilet__personalhygiene\n e 3 4 personalhygiene__sleep\n e 4 5 sleep__END\n', '', NULL),
(45, 'v 1 SUB_8 \nv 2 SUB_3 \nd 1 2 relax__personalhygiene\n\n', 1, 1, 'v 1 toilet\nv 2 relax\nv 3 personalhygiene\nv 4 sleep\nv 5 END\n e 1 2 toilet__relax\n e 2 3 relax__personalhygiene\n e 3 4 personalhygiene__sleep\n e 4 5 sleep__END\n', '', NULL),
(46, 'v 1 SUB_7 \nv 2 SUB_3 \nd 1 2 relax__personalhygiene\n\n', 1, 1, 'v 1 personalhygiene\nv 2 relax\nv 3 personalhygiene\nv 4 sleep\nv 5 END\n e 1 2 personalhygiene__relax\n e 2 3 relax__personalhygiene\n e 3 4 personalhygiene__sleep\n e 4 5 sleep__END\n', '', NULL),
(47, 'v 1 SUB_12 \nv 2 SUB_3 \nd 1 2 groom__personalhygiene\n\n', 1, 1, 'v 1 personalhygiene\nv 2 groom\nv 3 personalhygiene\nv 4 sleep\nv 5 END\n e 1 2 personalhygiene__groom\n e 2 3 groom__personalhygiene\n e 3 4 personalhygiene__sleep\n e 4 5 sleep__END\n', '', NULL),
(48, 'v 1 SUB_20 \nv 2 SUB_18 \nd 2 1 toilet__sleep\n\n', 1, 1, 'v 1 sleep\nv 2 END\nv 3 toilet\nv 4 personalhygiene\n e 1 2 sleep__END\n e 3 1 toilet__sleep\n e 4 3 personalhygiene__toilet\n', '', NULL),
(49, 'v 1 SUB_29 \nv 2 SUB_1 \nd 2 1 sleep__mealpreperation\n\n', 1, 1, 'v 1 mealpreperation\nv 2 eatingdrinking\nv 3 personalhygiene\nv 4 sleep\nv 5 START\nv 6 toilet\nv 7 sleep\nv 8 toilet\n e 1 2 mealpreperation__eatingdrinking\n e 2 3 eatingdrinking__personalhygiene\n e 4 1 sleep__mealpreperation\n e 5 6 START__toilet\n e 6 7 toilet__sleep\n e 7 8 sleep__toilet\n e 8 4 toilet__sleep\n', '', NULL),
(50, 'v 1 SUB_3 \nv 2 groom \nd 2 1 groom__personalhygiene\n\n', 2, 2, 'v 1 personalhygiene\nv 2 sleep\nv 3 END\nv 4 groom\n e 1 2 personalhygiene__sleep\n e 2 3 sleep__END\n e 4 1 groom__personalhygiene\n', '', NULL),
(51, 'v 1 SUB_27 \nv 2 SUB_6 \nd 1 2 toilet__sleep\n\n', 1, 1, 'v 1 START\nv 2 sleep\nv 3 toilet\nv 4 sleep\nv 5 toilet\n e 1 2 START__sleep\n e 2 3 sleep__toilet\n e 3 4 toilet__sleep\n e 4 5 sleep__toilet\n', '', NULL),
(52, 'v 1 SUB_47 \nv 2 SUB_2 \nd 2 1 eatingdrinking__personalhygiene\n\n', 1, 1, 'v 1 personalhygiene\nv 2 relax\nv 3 personalhygiene\nv 4 sleep\nv 5 END\nv 6 eatingdrinking\nv 7 relax\nv 8 mealpreperation\n e 2 3 relax__personalhygiene\n e 3 4 personalhygiene__sleep\n e 4 5 sleep__END\n e 1 2 personalhygiene__relax\n e 6 1 eatingdrinking__personalhygiene\n e 7 8 relax__mealpreperation\n e 8 6 mealpreperation__eatingdrinking\n', '', NULL),
(53, 'v 1 SUB_20 \nv 2 read \nd 2 1 read__sleep\n\n', 1, 1, 'v 1 sleep\nv 2 END\nv 3 read\n e 1 2 sleep__END\n e 3 1 read__sleep\n', '', NULL),
(54, 'v 1 SUB_19 \nv 2 personalhygiene \nd 2 1 personalhygiene__read\n\n', 1, 1, 'v 1 read\nv 2 personalhygiene\nv 3 sleep\nv 4 END\nv 5 personalhygiene\n e 2 3 personalhygiene__sleep\n e 3 4 sleep__END\n e 1 2 read__personalhygiene\n e 5 1 personalhygiene__read\n', '', NULL),
(55, 'v 1 SUB_55 \nv 2 SUB_21 \nd 2 1 cleaning__personalhygiene\n\n', 1, 1, 'v 1 personalhygiene\nv 2 read\nv 3 personalhygiene\nv 4 sleep\nv 5 END\nv 6 cleaning\nv 7 relax\n e 3 4 personalhygiene__sleep\n e 4 5 sleep__END\n e 1 2 personalhygiene__read\n e 2 3 read__personalhygiene\n e 6 1 cleaning__personalhygiene\n e 7 6 relax__cleaning\n', '', NULL),
(56, 'v 1 SUB_56 \nv 2 SUB_34 \nd 2 1 mealpreperation__relax\n\n', 1, 1, 'v 1 relax\nv 2 cleaning\nv 3 personalhygiene\nv 4 read\nv 5 personalhygiene\nv 6 sleep\nv 7 END\nv 8 mealpreperation\nv 9 snack\nv 10 relax\n e 5 6 personalhygiene__sleep\n e 6 7 sleep__END\n e 1 2 relax__cleaning\n e 2 3 cleaning__personalhygiene\n e 3 4 personalhygiene__read\n e 4 5 read__personalhygiene\n e 8 1 mealpreperation__relax\n e 9 10 snack__relax\n e 10 8 relax__mealpreperation\n', '', NULL),
(57, 'v 1 SUB_57 \nv 2 SUB_30 \nd 2 1 toilet__snack\n\n', 1, 1, 'v 1 snack\nv 2 relax\nv 3 mealpreperation\nv 4 relax\nv 5 cleaning\nv 6 personalhygiene\nv 7 read\nv 8 personalhygiene\nv 9 sleep\nv 10 END\nv 11 toilet\nv 12 toilet\nv 13 relax\n e 1 2 snack__relax\n e 2 3 relax__mealpreperation\n e 3 4 mealpreperation__relax\n e 8 9 personalhygiene__sleep\n e 9 10 sleep__END\n e 4 5 relax__cleaning\n e 5 6 cleaning__personalhygiene\n e 6 7 personalhygiene__read\n e 7 8 read__personalhygiene\n e 11 1 toilet__snack\n e 12 13 toilet__relax\n e 13 11 relax__toilet\n', '', NULL),
(58, 'v 1 SUB_58 \nv 2 SUB_28 \nd 2 1 outdoors__toilet\n\n', 1, 1, 'v 1 toilet\nv 2 relax\nv 3 toilet\nv 4 snack\nv 5 relax\nv 6 mealpreperation\nv 7 relax\nv 8 cleaning\nv 9 personalhygiene\nv 10 read\nv 11 personalhygiene\nv 12 sleep\nv 13 END\nv 14 outdoors\nv 15 personalhygiene\nv 16 toilet\n e 1 2 toilet__relax\n e 2 3 relax__toilet\n e 3 4 toilet__snack\n e 4 5 snack__relax\n e 5 6 relax__mealpreperation\n e 6 7 mealpreperation__relax\n e 11 12 personalhygiene__sleep\n e 12 13 sleep__END\n e 7 8 relax__cleaning\n e 8 9 cleaning__personalhygiene\n e 9 10 personalhygiene__read\n e 10 11 read__personalhygiene\n e 14 1 outdoors__toilet\n e 15 16 personalhygiene__toilet\n e 16 14 toilet__outdoors\n', '', NULL),
(59, 'v 1 SUB_19 \nv 2 snack \nd 2 1 snack__read\n\n', 1, 1, 'v 1 read\nv 2 personalhygiene\nv 3 sleep\nv 4 END\nv 5 snack\n e 2 3 personalhygiene__sleep\n e 3 4 sleep__END\n e 1 2 read__personalhygiene\n e 5 1 snack__read\n', '', NULL),
(60, 'v 1 SUB_60 \nv 2 SUB_25 \nd 2 1 relax__snack\n\n', 1, 1, 'v 1 snack\nv 2 read\nv 3 personalhygiene\nv 4 sleep\nv 5 END\nv 6 relax\nv 7 relax\nv 8 mealpreperation\nv 9 eatingdrinking\n e 3 4 personalhygiene__sleep\n e 4 5 sleep__END\n e 1 2 snack__read\n e 2 3 read__personalhygiene\n e 6 1 relax__snack\n e 7 8 relax__mealpreperation\n e 8 9 mealpreperation__eatingdrinking\n e 9 6 eatingdrinking__relax\n', '', NULL),
(61, 'v 1 SUB_16 \nv 2 mealpreperation \nd 1 2 relax__mealpreperation\n\n', 2, 2, 'v 1 START\nv 2 toilet\nv 3 sleep\nv 4 toilet\nv 5 sleep\nv 6 toilet\nv 7 sleep\nv 8 relax\nv 9 mealpreperation\n e 1 2 START__toilet\n e 2 3 toilet__sleep\n e 3 4 sleep__toilet\n e 4 5 toilet__sleep\n e 5 6 sleep__toilet\n e 6 7 toilet__sleep\n e 7 8 sleep__relax\n e 8 9 relax__mealpreperation\n', '', NULL),
(62, 'v 1 SUB_54 \nv 2 personalhygiene \nd 2 1 personalhygiene__read\n\n', 1, 1, 'v 1 read\nv 2 sleep\nv 3 END\nv 4 personalhygiene\n e 2 3 sleep__END\n e 1 2 read__sleep\n e 4 1 personalhygiene__read\n', '', NULL),
(63, 'v 1 SUB_14 \nv 2 SUB_11 \nd 2 1 toilet__mealpreperation\n\n', 1, 1, 'v 1 mealpreperation\nv 2 relax\nv 3 toilet\nv 4 toilet\nv 5 START\nv 6 toilet\nv 7 sleep\nv 8 medication\nv 9 sleep\n e 1 2 mealpreperation__relax\n e 2 3 relax__toilet\n e 4 1 toilet__mealpreperation\n e 5 6 START__toilet\n e 6 7 toilet__sleep\n e 9 4 sleep__toilet\n e 7 8 sleep__medication\n e 8 9 medication__sleep\n', '', NULL),
(64, 'v 1 SUB_16 \nv 2 SUB_14 \nd 1 2 relax__mealpreperation\n\n', 1, 1, 'v 1 START\nv 2 toilet\nv 3 sleep\nv 4 toilet\nv 5 sleep\nv 6 toilet\nv 7 sleep\nv 8 relax\nv 9 mealpreperation\nv 10 relax\nv 11 toilet\n e 1 2 START__toilet\n e 2 3 toilet__sleep\n e 3 4 sleep__toilet\n e 4 5 toilet__sleep\n e 5 6 sleep__toilet\n e 6 7 toilet__sleep\n e 7 8 sleep__relax\n e 8 9 relax__mealpreperation\n e 9 10 mealpreperation__relax\n e 10 11 relax__toilet\n', '', NULL),
(65, 'v 1 SUB_20 \nv 2 SUB_6 \nd 2 1 toilet__sleep\n\n', 1, 1, 'v 1 sleep\nv 2 END\nv 3 toilet\nv 4 sleep\n e 1 2 sleep__END\n e 3 1 toilet__sleep\n e 4 3 sleep__toilet\n', '', NULL),
(66, 'v 1 SUB_45 \nv 2 SUB_7 \nd 2 1 relax__outdoors\n\n', 1, 1, 'v 1 outdoors\nv 2 toilet\nv 3 personalhygiene\nv 4 sleep\nv 5 END\nv 6 relax\nv 7 personalhygiene\n e 1 2 outdoors__toilet\n e 2 3 toilet__personalhygiene\n e 3 4 personalhygiene__sleep\n e 4 5 sleep__END\n e 6 1 relax__outdoors\n e 7 6 personalhygiene__relax\n', '', NULL),
(67, 'v 1 SUB_11 \nv 2 personalhygiene \nd 1 2 toilet__personalhygiene\n\n', 1, 1, 'v 1 START\nv 2 toilet\nv 3 sleep\nv 4 medication\nv 5 sleep\nv 6 toilet\nv 7 personalhygiene\n e 1 2 START__toilet\n e 2 3 toilet__sleep\n e 5 6 sleep__toilet\n e 3 4 sleep__medication\n e 4 5 medication__sleep\n e 6 7 toilet__personalhygiene\n', '', NULL),
(68, 'v 1 SUB_67 \nv 2 SUB_17 \nd 2 1 relax__personalhygiene\n\n', 1, 1, 'v 1 personalhygiene\nv 2 relax\nv 3 outdoors\nv 4 toilet\nv 5 personalhygiene\nv 6 sleep\nv 7 END\nv 8 relax\nv 9 snack\nv 10 eatingdrinking\nv 11 cleaning\n e 1 2 personalhygiene__relax\n e 2 3 relax__outdoors\n e 3 4 outdoors__toilet\n e 4 5 toilet__personalhygiene\n e 5 6 personalhygiene__sleep\n e 6 7 sleep__END\n e 8 1 relax__personalhygiene\n e 10 8 eatingdrinking__relax\n e 11 8 cleaning__relax\n e 9 10 snack__eatingdrinking\n e 9 11 snack__cleaning\n', '', NULL),
(69, 'v 1 SUB_69 \nv 2 SUB_31 \nd 2 1 relax__snack\n\n', 1, 1, 'v 1 snack\nv 2 eatingdrinking\nv 3 cleaning\nv 4 relax\nv 5 personalhygiene\nv 6 relax\nv 7 outdoors\nv 8 toilet\nv 9 personalhygiene\nv 10 sleep\nv 11 END\nv 12 relax\nv 13 toilet\nv 14 relax\nv 15 snack\n e 2 4 eatingdrinking__relax\n e 3 4 cleaning__relax\n e 4 5 relax__personalhygiene\n e 5 6 personalhygiene__relax\n e 6 7 relax__outdoors\n e 7 8 outdoors__toilet\n e 8 9 toilet__personalhygiene\n e 9 10 personalhygiene__sleep\n e 10 11 sleep__END\n e 1 2 snack__eatingdrinking\n e 1 3 snack__cleaning\n e 12 1 relax__snack\n e 13 14 toilet__relax\n e 14 15 relax__snack\n e 15 12 snack__relax\n', '', NULL),
(70, 'v 1 SUB_68 \nv 2 SUB_10 \nd 1 2 personalhygiene__relax\n\n', 1, 1, 'v 1 START\nv 2 toilet\nv 3 sleep\nv 4 medication\nv 5 sleep\nv 6 toilet\nv 7 personalhygiene\nv 8 relax\nv 9 mealpreperation\nv 10 eatingdrinking\nv 11 cleaning\nv 12 relax\n e 1 2 START__toilet\n e 2 3 toilet__sleep\n e 5 6 sleep__toilet\n e 6 7 toilet__personalhygiene\n e 3 4 sleep__medication\n e 4 5 medication__sleep\n e 7 8 personalhygiene__relax\n e 8 9 relax__mealpreperation\n e 9 10 mealpreperation__eatingdrinking\n e 9 11 mealpreperation__cleaning\n e 10 12 eatingdrinking__relax\n e 11 12 cleaning__relax\n', '', NULL),
(71, 'v 1 SUB_71 \nv 2 SUB_12 \nd 1 2 relax__personalhygiene\n\n', 1, 1, 'v 1 START\nv 2 toilet\nv 3 sleep\nv 4 medication\nv 5 sleep\nv 6 toilet\nv 7 personalhygiene\nv 8 relax\nv 9 mealpreperation\nv 10 eatingdrinking\nv 11 cleaning\nv 12 relax\nv 13 personalhygiene\nv 14 groom\n e 1 2 START__toilet\n e 2 3 toilet__sleep\n e 5 6 sleep__toilet\n e 6 7 toilet__personalhygiene\n e 7 8 personalhygiene__relax\n e 8 9 relax__mealpreperation\n e 9 10 mealpreperation__eatingdrinking\n e 9 11 mealpreperation__cleaning\n e 10 12 eatingdrinking__relax\n e 11 12 cleaning__relax\n e 3 4 sleep__medication\n e 4 5 medication__sleep\n e 12 13 relax__personalhygiene\n e 13 14 personalhygiene__groom\n', '', NULL),
(72, 'v 1 SUB_19 \nv 2 SUB_5 \nd 2 1 relax__read\n\n', 1, 1, 'v 1 read\nv 2 personalhygiene\nv 3 sleep\nv 4 END\nv 5 relax\nv 6 snack\n e 2 3 personalhygiene__sleep\n e 3 4 sleep__END\n e 1 2 read__personalhygiene\n e 5 1 relax__read\n e 6 5 snack__relax\n', '', NULL),
(73, 'v 1 SUB_73 \nv 2 SUB_40 \nd 2 1 relax__snack\n\n', 1, 1, 'v 1 snack\nv 2 relax\nv 3 read\nv 4 personalhygiene\nv 5 sleep\nv 6 END\nv 7 relax\nv 8 mealpreperation\nv 9 eatingdrinking\nv 10 cleaning\n e 1 2 snack__relax\n e 4 5 personalhygiene__sleep\n e 5 6 sleep__END\n e 2 3 relax__read\n e 3 4 read__personalhygiene\n e 7 1 relax__snack\n e 8 9 mealpreperation__eatingdrinking\n e 8 10 mealpreperation__cleaning\n e 9 7 eatingdrinking__relax\n e 10 7 cleaning__relax\n', '', NULL),
(74, 'v 1 SUB_74 \nv 2 SUB_33 \nd 2 1 snack__mealpreperation\n\n', 1, 1, 'v 1 mealpreperation\nv 2 eatingdrinking\nv 3 cleaning\nv 4 relax\nv 5 snack\nv 6 relax\nv 7 read\nv 8 personalhygiene\nv 9 sleep\nv 10 END\nv 11 snack\nv 12 personalhygiene\nv 13 relax\n e 1 2 mealpreperation__eatingdrinking\n e 1 3 mealpreperation__cleaning\n e 2 4 eatingdrinking__relax\n e 3 4 cleaning__relax\n e 4 5 relax__snack\n e 5 6 snack__relax\n e 8 9 personalhygiene__sleep\n e 9 10 sleep__END\n e 6 7 relax__read\n e 7 8 read__personalhygiene\n e 11 1 snack__mealpreperation\n e 12 13 personalhygiene__relax\n e 13 11 relax__snack\n', '', NULL),
(75, 'v 1 SUB_75 \nv 2 SUB_38 \nd 2 1 relax__personalhygiene\n\n', 1, 1, 'v 1 personalhygiene\nv 2 relax\nv 3 snack\nv 4 mealpreperation\nv 5 eatingdrinking\nv 6 cleaning\nv 7 relax\nv 8 snack\nv 9 relax\nv 10 read\nv 11 personalhygiene\nv 12 sleep\nv 13 END\nv 14 relax\nv 15 sleep\n e 1 2 personalhygiene__relax\n e 2 3 relax__snack\n e 3 4 snack__mealpreperation\n e 4 5 mealpreperation__eatingdrinking\n e 4 6 mealpreperation__cleaning\n e 5 7 eatingdrinking__relax\n e 6 7 cleaning__relax\n e 7 8 relax__snack\n e 8 9 snack__relax\n e 11 12 personalhygiene__sleep\n e 12 13 sleep__END\n e 9 10 relax__read\n e 10 11 read__personalhygiene\n e 14 1 relax__personalhygiene\n e 15 14 sleep__relax\n', '', NULL),
(76, 'v 1 SUB_72 \nv 2 SUB_7 \nd 1 2 groom__personalhygiene\n\n', 1, 1, 'v 1 START\nv 2 toilet\nv 3 sleep\nv 4 medication\nv 5 sleep\nv 6 toilet\nv 7 personalhygiene\nv 8 relax\nv 9 mealpreperation\nv 10 eatingdrinking\nv 11 cleaning\nv 12 relax\nv 13 personalhygiene\nv 14 groom\nv 15 personalhygiene\nv 16 relax\n e 1 2 START__toilet\n e 2 3 toilet__sleep\n e 5 6 sleep__toilet\n e 6 7 toilet__personalhygiene\n e 7 8 personalhygiene__relax\n e 8 9 relax__mealpreperation\n e 9 10 mealpreperation__eatingdrinking\n e 9 11 mealpreperation__cleaning\n e 10 12 eatingdrinking__relax\n e 11 12 cleaning__relax\n e 12 13 relax__personalhygiene\n e 13 14 personalhygiene__groom\n e 3 4 sleep__medication\n e 4 5 medication__sleep\n e 14 15 groom__personalhygiene\n e 15 16 personalhygiene__relax\n', '', NULL),
(77, 'v 1 SUB_26 \nv 2 read \nd 2 1 read__relax\n\n', 1, 1, 'v 1 relax\nv 2 personalhygiene\nv 3 sleep\nv 4 END\nv 5 read\n e 1 2 relax__personalhygiene\n e 2 3 personalhygiene__sleep\n e 3 4 sleep__END\n e 5 1 read__relax\n', '', NULL),
(78, 'v 1 SUB_7 \nv 2 SUB_1 \nd 2 1 sleep__personalhygiene\n\n', 1, 1, 'v 1 personalhygiene\nv 2 relax\nv 3 sleep\nv 4 START\nv 5 toilet\nv 6 sleep\nv 7 toilet\n e 1 2 personalhygiene__relax\n e 3 1 sleep__personalhygiene\n e 4 5 START__toilet\n e 5 6 toilet__sleep\n e 6 7 sleep__toilet\n e 7 3 toilet__sleep\n', '', NULL),
(79, 'v 1 SUB_62 \nv 2 personalhygiene \nd 1 2 mealpreperation__personalhygiene\n\n', 1, 1, 'v 1 START\nv 2 toilet\nv 3 sleep\nv 4 toilet\nv 5 sleep\nv 6 toilet\nv 7 sleep\nv 8 relax\nv 9 mealpreperation\nv 10 personalhygiene\n e 1 2 START__toilet\n e 2 3 toilet__sleep\n e 3 4 sleep__toilet\n e 4 5 toilet__sleep\n e 5 6 sleep__toilet\n e 6 7 toilet__sleep\n e 7 8 sleep__relax\n e 8 9 relax__mealpreperation\n e 9 10 mealpreperation__personalhygiene\n', '', NULL),
(80, 'v 1 SUB_66 \nv 2 personalhygiene \nd 2 1 personalhygiene__sleep\n\n', 1, 1, 'v 1 sleep\nv 2 toilet\nv 3 sleep\nv 4 END\nv 5 personalhygiene\n e 1 2 sleep__toilet\n e 2 3 toilet__sleep\n e 3 4 sleep__END\n e 5 1 personalhygiene__sleep\n', '', NULL),
(81, 'v 1 SUB_70 \nv 2 SUB_5 \nd 2 1 relax__toilet\n\n', 1, 1, 'v 1 toilet\nv 2 relax\nv 3 snack\nv 4 relax\nv 5 snack\nv 6 eatingdrinking\nv 7 cleaning\nv 8 relax\nv 9 personalhygiene\nv 10 relax\nv 11 outdoors\nv 12 toilet\nv 13 personalhygiene\nv 14 sleep\nv 15 END\nv 16 relax\nv 17 snack\n e 1 2 toilet__relax\n e 2 3 relax__snack\n e 3 4 snack__relax\n e 4 5 relax__snack\n e 6 8 eatingdrinking__relax\n e 7 8 cleaning__relax\n e 8 9 relax__personalhygiene\n e 9 10 personalhygiene__relax\n e 10 11 relax__outdoors\n e 11 12 outdoors__toilet\n e 12 13 toilet__personalhygiene\n e 13 14 personalhygiene__sleep\n e 14 15 sleep__END\n e 5 6 snack__eatingdrinking\n e 5 7 snack__cleaning\n e 16 1 relax__toilet\n e 17 16 snack__relax\n', '', NULL),
(82, 'v 1 SUB_27 \nv 2 sleep \nd 1 2 toilet__sleep\n\n', 2, 2, 'v 1 START\nv 2 sleep\nv 3 toilet\nv 4 sleep\n e 1 2 START__sleep\n e 2 3 sleep__toilet\n e 3 4 toilet__sleep\n', '', NULL),
(83, 'v 1 SUB_46 \nv 2 snack \nd 2 1 snack__toilet\n\n', 1, 1, 'v 1 toilet\nv 2 relax\nv 3 personalhygiene\nv 4 sleep\nv 5 END\nv 6 snack\n e 1 2 toilet__relax\n e 2 3 relax__personalhygiene\n e 3 4 personalhygiene__sleep\n e 4 5 sleep__END\n e 6 1 snack__toilet\n', '', NULL),
(84, 'v 1 SUB_52 \nv 2 dress \nd 1 2 toilet__dress\n\n', 1, 1, 'v 1 START\nv 2 sleep\nv 3 toilet\nv 4 sleep\nv 5 toilet\nv 6 dress\n e 1 2 START__sleep\n e 2 3 sleep__toilet\n e 3 4 toilet__sleep\n e 4 5 sleep__toilet\n e 5 6 toilet__dress\n', '', NULL),
(85, 'v 1 SUB_59 \nv 2 work \nd 2 1 work__personalhygiene\n\n', 1, 1, 'v 1 personalhygiene\nv 2 toilet\nv 3 outdoors\nv 4 toilet\nv 5 relax\nv 6 toilet\nv 7 snack\nv 8 relax\nv 9 mealpreperation\nv 10 relax\nv 11 cleaning\nv 12 personalhygiene\nv 13 read\nv 14 personalhygiene\nv 15 sleep\nv 16 END\nv 17 work\n e 1 2 personalhygiene__toilet\n e 2 3 toilet__outdoors\n e 3 4 outdoors__toilet\n e 4 5 toilet__relax\n e 5 6 relax__toilet\n e 6 7 toilet__snack\n e 7 8 snack__relax\n e 8 9 relax__mealpreperation\n e 9 10 mealpreperation__relax\n e 14 15 personalhygiene__sleep\n e 15 16 sleep__END\n e 10 11 relax__cleaning\n e 11 12 cleaning__personalhygiene\n e 12 13 personalhygiene__read\n e 13 14 read__personalhygiene\n e 17 1 work__personalhygiene\n', '', NULL),
(86, 'v 1 SUB_86 \nv 2 mealpreperation \nd 2 1 mealpreperation__work\n\n', 1, 1, 'v 1 work\nv 2 personalhygiene\nv 3 toilet\nv 4 outdoors\nv 5 toilet\nv 6 relax\nv 7 toilet\nv 8 snack\nv 9 relax\nv 10 mealpreperation\nv 11 relax\nv 12 cleaning\nv 13 personalhygiene\nv 14 read\nv 15 personalhygiene\nv 16 sleep\nv 17 END\nv 18 mealpreperation\n e 1 2 work__personalhygiene\n e 2 3 personalhygiene__toilet\n e 3 4 toilet__outdoors\n e 4 5 outdoors__toilet\n e 5 6 toilet__relax\n e 6 7 relax__toilet\n e 7 8 toilet__snack\n e 8 9 snack__relax\n e 9 10 relax__mealpreperation\n e 10 11 mealpreperation__relax\n e 15 16 personalhygiene__sleep\n e 16 17 sleep__END\n e 11 12 relax__cleaning\n e 12 13 cleaning__personalhygiene\n e 13 14 personalhygiene__read\n e 14 15 read__personalhygiene\n e 18 1 mealpreperation__work\n', '', NULL),
(87, 'v 1 SUB_43 \nv 2 SUB_4 \nd 2 1 outdoors__snack\n\n', 1, 1, 'v 1 snack\nv 2 relax\nv 3 cleaning\nv 4 relax\nv 5 personalhygiene\nv 6 sleep\nv 7 END\nv 8 outdoors\nv 9 personalhygiene\n e 1 2 snack__relax\n e 4 5 relax__personalhygiene\n e 5 6 personalhygiene__sleep\n e 6 7 sleep__END\n e 2 3 relax__cleaning\n e 3 4 cleaning__relax\n e 8 1 outdoors__snack\n e 9 8 personalhygiene__outdoors\n', '', NULL),
(88, 'v 1 SUB_88 \nv 2 SUB_21 \nd 2 1 cleaning__personalhygiene\n\n', 1, 1, 'v 1 personalhygiene\nv 2 outdoors\nv 3 snack\nv 4 relax\nv 5 cleaning\nv 6 relax\nv 7 personalhygiene\nv 8 sleep\nv 9 END\nv 10 cleaning\nv 11 relax\n e 1 2 personalhygiene__outdoors\n e 2 3 outdoors__snack\n e 3 4 snack__relax\n e 6 7 relax__personalhygiene\n e 7 8 personalhygiene__sleep\n e 8 9 sleep__END\n e 4 5 relax__cleaning\n e 5 6 cleaning__relax\n e 10 1 cleaning__personalhygiene\n e 11 10 relax__cleaning\n', '', NULL),
(89, 'v 1 SUB_1 \nv 2 relax \nd 1 2 sleep__relax\n\n', 2, 2, 'v 1 START\nv 2 toilet\nv 3 sleep\nv 4 toilet\nv 5 sleep\nv 6 relax\n e 1 2 START__toilet\n e 2 3 toilet__sleep\n e 3 4 sleep__toilet\n e 4 5 toilet__sleep\n e 5 6 sleep__relax\n', '', NULL),
(90, 'v 1 SUB_61 \nv 2 SUB_4 \nd 2 1 outdoors__relax\n\n', 1, 1, 'v 1 relax\nv 2 mealpreperation\nv 3 eatingdrinking\nv 4 relax\nv 5 snack\nv 6 read\nv 7 personalhygiene\nv 8 sleep\nv 9 END\nv 10 outdoors\nv 11 personalhygiene\n e 1 2 relax__mealpreperation\n e 2 3 mealpreperation__eatingdrinking\n e 3 4 eatingdrinking__relax\n e 4 5 relax__snack\n e 7 8 personalhygiene__sleep\n e 8 9 sleep__END\n e 5 6 snack__read\n e 6 7 read__personalhygiene\n e 10 1 outdoors__relax\n e 11 10 personalhygiene__outdoors\n', '', NULL),
(91, 'v 1 SUB_89 \nv 2 SUB_9 \nd 2 1 eatingdrinking__relax\n\n', 1, 1, 'v 1 relax\nv 2 cleaning\nv 3 personalhygiene\nv 4 outdoors\nv 5 snack\nv 6 relax\nv 7 cleaning\nv 8 relax\nv 9 personalhygiene\nv 10 sleep\nv 11 END\nv 12 eatingdrinking\nv 13 mealpreperation\n e 3 4 personalhygiene__outdoors\n e 4 5 outdoors__snack\n e 5 6 snack__relax\n e 8 9 relax__personalhygiene\n e 9 10 personalhygiene__sleep\n e 10 11 sleep__END\n e 1 2 relax__cleaning\n e 2 3 cleaning__personalhygiene\n e 6 7 relax__cleaning\n e 7 8 cleaning__relax\n e 12 1 eatingdrinking__relax\n e 13 12 mealpreperation__eatingdrinking\n', '', NULL),
(92, 'v 1 SUB_85 \nv 2 SUB_6 \nd 1 2 dress__sleep\n\n', 1, 1, 'v 1 START\nv 2 sleep\nv 3 toilet\nv 4 sleep\nv 5 toilet\nv 6 dress\nv 7 sleep\nv 8 toilet\n e 1 2 START__sleep\n e 2 3 sleep__toilet\n e 3 4 toilet__sleep\n e 4 5 sleep__toilet\n e 5 6 toilet__dress\n e 6 7 dress__sleep\n e 7 8 sleep__toilet\n', '', NULL),
(93, 'v 1 SUB_92 \nv 2 outdoors \nd 2 1 outdoors__mealpreperation\n\n', 1, 1, 'v 1 mealpreperation\nv 2 eatingdrinking\nv 3 relax\nv 4 cleaning\nv 5 personalhygiene\nv 6 outdoors\nv 7 snack\nv 8 relax\nv 9 cleaning\nv 10 relax\nv 11 personalhygiene\nv 12 sleep\nv 13 END\nv 14 outdoors\n e 1 2 mealpreperation__eatingdrinking\n e 2 3 eatingdrinking__relax\n e 5 6 personalhygiene__outdoors\n e 6 7 outdoors__snack\n e 7 8 snack__relax\n e 10 11 relax__personalhygiene\n e 11 12 personalhygiene__sleep\n e 12 13 sleep__END\n e 3 4 relax__cleaning\n e 4 5 cleaning__personalhygiene\n e 8 9 relax__cleaning\n e 9 10 cleaning__relax\n e 14 1 outdoors__mealpreperation\n', '', NULL),
(94, 'v 1 SUB_80 \nv 2 dress \nd 1 2 personalhygiene__dress\n\n', 1, 1, 'v 1 START\nv 2 toilet\nv 3 sleep\nv 4 toilet\nv 5 sleep\nv 6 toilet\nv 7 sleep\nv 8 relax\nv 9 mealpreperation\nv 10 personalhygiene\nv 11 dress\n e 1 2 START__toilet\n e 2 3 toilet__sleep\n e 3 4 sleep__toilet\n e 4 5 toilet__sleep\n e 5 6 sleep__toilet\n e 6 7 toilet__sleep\n e 7 8 sleep__relax\n e 8 9 relax__mealpreperation\n e 9 10 mealpreperation__personalhygiene\n e 10 11 personalhygiene__dress\n', '', NULL),
(95, 'v 1 SUB_44 \nv 2 groom \nd 1 2 mealpreperation__groom\n\n', 1, 1, 'v 1 START\nv 2 toilet\nv 3 relax\nv 4 mealpreperation\nv 5 groom\n e 1 2 START__toilet\n e 2 3 toilet__relax\n e 3 4 relax__mealpreperation\n e 4 5 mealpreperation__groom\n', '', NULL),
(96, 'v 1 SUB_1 \nv 2 toilet \nd 1 2 sleep__toilet\n\n', 4, 4, 'v 1 START\nv 2 toilet\nv 3 sleep\nv 4 toilet\nv 5 sleep\nv 6 toilet\n e 1 2 START__toilet\n e 2 3 toilet__sleep\n e 3 4 sleep__toilet\n e 4 5 toilet__sleep\n e 5 6 sleep__toilet\n', '', NULL),
(97, 'v 1 SUB_97 \nv 2 SUB_4 \nd 1 2 toilet__personalhygiene\n\n', 1, 1, 'v 1 START\nv 2 toilet\nv 3 sleep\nv 4 toilet\nv 5 sleep\nv 6 toilet\nv 7 personalhygiene\nv 8 outdoors\n e 1 2 START__toilet\n e 2 3 toilet__sleep\n e 3 4 sleep__toilet\n e 4 5 toilet__sleep\n e 5 6 sleep__toilet\n e 6 7 toilet__personalhygiene\n e 7 8 personalhygiene__outdoors\n', '', NULL),
(98, 'v 1 SUB_32 \nv 2 SUB_1 \nd 2 1 sleep__toilet\n\n', 1, 1, 'v 1 toilet\nv 2 relax\nv 3 mealpreperation\nv 4 sleep\nv 5 START\nv 6 toilet\nv 7 sleep\nv 8 toilet\n e 1 2 toilet__relax\n e 2 3 relax__mealpreperation\n e 4 1 sleep__toilet\n e 5 6 START__toilet\n e 6 7 toilet__sleep\n e 7 8 sleep__toilet\n e 8 4 toilet__sleep\n', '', NULL),
(99, 'v 1 SUB_83 \nv 2 personalhygiene \nd 1 2 sleep__personalhygiene\n\n', 1, 1, 'v 1 START\nv 2 sleep\nv 3 toilet\nv 4 sleep\nv 5 personalhygiene\n e 1 2 START__sleep\n e 2 3 sleep__toilet\n e 3 4 toilet__sleep\n e 4 5 sleep__personalhygiene\n', '', NULL),
(100, 'v 1 SUB_99 \nv 2 personalhygiene \nd 1 2 mealpreperation__personalhygiene\n\n', 1, 1, 'v 1 START\nv 2 toilet\nv 3 sleep\nv 4 toilet\nv 5 sleep\nv 6 toilet\nv 7 relax\nv 8 mealpreperation\nv 9 personalhygiene\n e 1 2 START__toilet\n e 2 3 toilet__sleep\n e 3 4 sleep__toilet\n e 4 5 toilet__sleep\n e 5 6 sleep__toilet\n e 6 7 toilet__relax\n e 7 8 relax__mealpreperation\n e 8 9 mealpreperation__personalhygiene\n', '', NULL),
(101, 'v 1 SUB_101 \nv 2 SUB_13 \nd 1 2 personalhygiene__dress\n\n', 1, 1, 'v 1 START\nv 2 toilet\nv 3 sleep\nv 4 toilet\nv 5 sleep\nv 6 toilet\nv 7 relax\nv 8 mealpreperation\nv 9 personalhygiene\nv 10 dress\nv 11 personalhygiene\nv 12 outdoors\nv 13 snack\nv 14 eatingdrinking\nv 15 personalhygiene\nv 16 outdoors\nv 17 relax\n e 1 2 START__toilet\n e 2 3 toilet__sleep\n e 3 4 sleep__toilet\n e 4 5 toilet__sleep\n e 5 6 sleep__toilet\n e 6 7 toilet__relax\n e 7 8 relax__mealpreperation\n e 8 9 mealpreperation__personalhygiene\n e 9 10 personalhygiene__dress\n e 10 11 dress__personalhygiene\n e 11 12 personalhygiene__outdoors\n e 12 13 outdoors__snack\n e 15 16 personalhygiene__outdoors\n e 16 17 outdoors__relax\n e 13 14 snack__eatingdrinking\n e 14 15 eatingdrinking__personalhygiene\n', '', NULL),
(102, 'v 1 SUB_65 \nv 2 work \nd 1 2 toilet__work\n\n', 1, 1, 'v 1 START\nv 2 toilet\nv 3 sleep\nv 4 toilet\nv 5 sleep\nv 6 toilet\nv 7 sleep\nv 8 relax\nv 9 mealpreperation\nv 10 relax\nv 11 toilet\nv 12 work\n e 1 2 START__toilet\n e 2 3 toilet__sleep\n e 3 4 sleep__toilet\n e 4 5 toilet__sleep\n e 5 6 sleep__toilet\n e 6 7 toilet__sleep\n e 7 8 sleep__relax\n e 8 9 relax__mealpreperation\n e 9 10 mealpreperation__relax\n e 10 11 relax__toilet\n e 11 12 toilet__work\n', '', NULL),
(103, 'v 1 SUB_103 \nv 2 SUB_12 \nd 1 2 work__personalhygiene\n\n', 1, 1, 'v 1 START\nv 2 toilet\nv 3 sleep\nv 4 toilet\nv 5 sleep\nv 6 toilet\nv 7 sleep\nv 8 relax\nv 9 mealpreperation\nv 10 relax\nv 11 toilet\nv 12 work\nv 13 personalhygiene\nv 14 groom\n e 1 2 START__toilet\n e 2 3 toilet__sleep\n e 3 4 sleep__toilet\n e 4 5 toilet__sleep\n e 5 6 sleep__toilet\n e 6 7 toilet__sleep\n e 7 8 sleep__relax\n e 8 9 relax__mealpreperation\n e 9 10 mealpreperation__relax\n e 10 11 relax__toilet\n e 11 12 toilet__work\n e 12 13 work__personalhygiene\n e 13 14 personalhygiene__groom\n', '', NULL),
(104, 'v 1 SUB_104 \nv 2 personalhygiene \nd 1 2 groom__personalhygiene\n\n', 1, 1, 'v 1 START\nv 2 toilet\nv 3 sleep\nv 4 toilet\nv 5 sleep\nv 6 toilet\nv 7 sleep\nv 8 relax\nv 9 mealpreperation\nv 10 relax\nv 11 toilet\nv 12 work\nv 13 personalhygiene\nv 14 groom\nv 15 personalhygiene\n e 1 2 START__toilet\n e 2 3 toilet__sleep\n e 3 4 sleep__toilet\n e 4 5 toilet__sleep\n e 5 6 sleep__toilet\n e 6 7 toilet__sleep\n e 7 8 sleep__relax\n e 8 9 relax__mealpreperation\n e 9 10 mealpreperation__relax\n e 10 11 relax__toilet\n e 11 12 toilet__work\n e 12 13 work__personalhygiene\n e 13 14 personalhygiene__groom\n e 14 15 groom__personalhygiene\n', '', NULL),
(105, 'v 1 SUB_102 \nv 2 work \nd 1 2 relax__work\n\n', 1, 1, 'v 1 START\nv 2 toilet\nv 3 sleep\nv 4 toilet\nv 5 sleep\nv 6 toilet\nv 7 relax\nv 8 mealpreperation\nv 9 personalhygiene\nv 10 dress\nv 11 personalhygiene\nv 12 outdoors\nv 13 snack\nv 14 eatingdrinking\nv 15 personalhygiene\nv 16 outdoors\nv 17 relax\nv 18 work\n e 1 2 START__toilet\n e 2 3 toilet__sleep\n e 3 4 sleep__toilet\n e 4 5 toilet__sleep\n e 5 6 sleep__toilet\n e 6 7 toilet__relax\n e 9 10 personalhygiene__dress\n e 10 11 dress__personalhygiene\n e 11 12 personalhygiene__outdoors\n e 12 13 outdoors__snack\n e 15 16 personalhygiene__outdoors\n e 16 17 outdoors__relax\n e 7 8 relax__mealpreperation\n e 8 9 mealpreperation__personalhygiene\n e 13 14 snack__eatingdrinking\n e 14 15 eatingdrinking__personalhygiene\n e 17 18 relax__work\n', '', NULL),
(106, 'v 1 SUB_106 \nv 2 SUB_23 \nd 1 2 work__personalhygiene\n\n', 1, 1, 'v 1 START\nv 2 toilet\nv 3 sleep\nv 4 toilet\nv 5 sleep\nv 6 toilet\nv 7 relax\nv 8 mealpreperation\nv 9 personalhygiene\nv 10 dress\nv 11 personalhygiene\nv 12 outdoors\nv 13 snack\nv 14 eatingdrinking\nv 15 personalhygiene\nv 16 outdoors\nv 17 relax\nv 18 work\nv 19 personalhygiene\nv 20 snack\n e 1 2 START__toilet\n e 2 3 toilet__sleep\n e 3 4 sleep__toilet\n e 4 5 toilet__sleep\n e 5 6 sleep__toilet\n e 6 7 toilet__relax\n e 9 10 personalhygiene__dress\n e 10 11 dress__personalhygiene\n e 11 12 personalhygiene__outdoors\n e 12 13 outdoors__snack\n e 15 16 personalhygiene__outdoors\n e 16 17 outdoors__relax\n e 17 18 relax__work\n e 7 8 relax__mealpreperation\n e 8 9 mealpreperation__personalhygiene\n e 13 14 snack__eatingdrinking\n e 14 15 eatingdrinking__personalhygiene\n e 18 19 work__personalhygiene\n e 19 20 personalhygiene__snack\n', '', NULL),
(107, 'v 1 START\nv 2 toilet\nd 1 2 START__toilet\n', 12, 12, NULL, '', NULL),
(108, 'v 1 SUB_107 \nv 2 SUB_4 \nd 1 2 snack__personalhygiene\n\n', 1, 1, 'v 1 START\nv 2 toilet\nv 3 sleep\nv 4 toilet\nv 5 sleep\nv 6 toilet\nv 7 relax\nv 8 mealpreperation\nv 9 personalhygiene\nv 10 dress\nv 11 personalhygiene\nv 12 outdoors\nv 13 snack\nv 14 eatingdrinking\nv 15 personalhygiene\nv 16 outdoors\nv 17 relax\nv 18 work\nv 19 personalhygiene\nv 20 snack\nv 21 personalhygiene\nv 22 outdoors\n e 1 2 START__toilet\n e 2 3 toilet__sleep\n e 3 4 sleep__toilet\n e 4 5 toilet__sleep\n e 5 6 sleep__toilet\n e 6 7 toilet__relax\n e 9 10 personalhygiene__dress\n e 10 11 dress__personalhygiene\n e 11 12 personalhygiene__outdoors\n e 12 13 outdoors__snack\n e 15 16 personalhygiene__outdoors\n e 16 17 outdoors__relax\n e 17 18 relax__work\n e 18 19 work__personalhygiene\n e 19 20 personalhygiene__snack\n e 7 8 relax__mealpreperation\n e 8 9 mealpreperation__personalhygiene\n e 13 14 snack__eatingdrinking\n e 14 15 eatingdrinking__personalhygiene\n e 20 21 snack__personalhygiene\n e 21 22 personalhygiene__outdoors\n', '', NULL),
(109, 'v 1 SUB_96 \nv 2 bathe \nd 1 2 groom__bathe\n\n', 1, 1, 'v 1 START\nv 2 toilet\nv 3 relax\nv 4 mealpreperation\nv 5 groom\nv 6 bathe\n e 1 2 START__toilet\n e 2 3 toilet__relax\n e 3 4 relax__mealpreperation\n e 4 5 mealpreperation__groom\n e 5 6 groom__bathe\n', '', NULL),
(110, 'v 1 SUB_95 \nv 2 groom \nd 1 2 dress__groom\n\n', 1, 1, 'v 1 START\nv 2 toilet\nv 3 sleep\nv 4 toilet\nv 5 sleep\nv 6 toilet\nv 7 sleep\nv 8 relax\nv 9 mealpreperation\nv 10 personalhygiene\nv 11 dress\nv 12 groom\n e 1 2 START__toilet\n e 2 3 toilet__sleep\n e 3 4 sleep__toilet\n e 4 5 toilet__sleep\n e 5 6 sleep__toilet\n e 6 7 toilet__sleep\n e 7 8 sleep__relax\n e 10 11 personalhygiene__dress\n e 8 9 relax__mealpreperation\n e 9 10 mealpreperation__personalhygiene\n e 11 12 dress__groom\n', '', NULL),
(111, 'v 1 SUB_111 \nv 2 SUB_24 \nd 1 2 groom__outdoors\n\n', 1, 1, 'v 1 START\nv 2 toilet\nv 3 sleep\nv 4 toilet\nv 5 sleep\nv 6 toilet\nv 7 sleep\nv 8 relax\nv 9 mealpreperation\nv 10 personalhygiene\nv 11 dress\nv 12 groom\nv 13 outdoors\nv 14 toilet\n e 1 2 START__toilet\n e 2 3 toilet__sleep\n e 3 4 sleep__toilet\n e 4 5 toilet__sleep\n e 5 6 sleep__toilet\n e 6 7 toilet__sleep\n e 7 8 sleep__relax\n e 10 11 personalhygiene__dress\n e 11 12 dress__groom\n e 8 9 relax__mealpreperation\n e 9 10 mealpreperation__personalhygiene\n e 12 13 groom__outdoors\n e 13 14 outdoors__toilet\n', '', NULL),
(112, 'v 1 SUB_84 \nv 2 toilet \nd 2 1 toilet__snack\n\n', 1, 1, 'v 1 snack\nv 2 toilet\nv 3 relax\nv 4 personalhygiene\nv 5 sleep\nv 6 END\nv 7 toilet\n e 1 2 snack__toilet\n e 2 3 toilet__relax\n e 3 4 relax__personalhygiene\n e 4 5 personalhygiene__sleep\n e 5 6 sleep__END\n e 7 1 toilet__snack\n', '', NULL),
(113, 'v 1 SUB_113 \nv 2 SUB_22 \nd 2 1 snack__toilet\n\n', 1, 1, 'v 1 toilet\nv 2 snack\nv 3 toilet\nv 4 relax\nv 5 personalhygiene\nv 6 sleep\nv 7 END\nv 8 snack\nv 9 snack\nv 10 relax\nv 11 mealpreperation\nv 12 eatingdrinking\nv 13 cleaning\nv 14 watchtv\n e 1 2 toilet__snack\n e 2 3 snack__toilet\n e 3 4 toilet__relax\n e 4 5 relax__personalhygiene\n e 5 6 personalhygiene__sleep\n e 6 7 sleep__END\n e 8 1 snack__toilet\n e 9 10 snack__relax\n e 10 11 relax__mealpreperation\n e 11 12 mealpreperation__eatingdrinking\n e 11 13 mealpreperation__cleaning\n e 13 14 cleaning__watchtv\n e 12 14 eatingdrinking__watchtv\n e 14 8 watchtv__snack\n', '', NULL),
(114, 'v 1 SUB_114 \nv 2 SUB_35 \nd 2 1 outdoors__snack\n\n', 1, 1, 'v 1 snack\nv 2 relax\nv 3 mealpreperation\nv 4 eatingdrinking\nv 5 cleaning\nv 6 watchtv\nv 7 snack\nv 8 toilet\nv 9 snack\nv 10 toilet\nv 11 relax\nv 12 personalhygiene\nv 13 sleep\nv 14 END\nv 15 outdoors\nv 16 snack\nv 17 relax\n e 1 2 snack__relax\n e 2 3 relax__mealpreperation\n e 3 4 mealpreperation__eatingdrinking\n e 3 5 mealpreperation__cleaning\n e 7 8 snack__toilet\n e 8 9 toilet__snack\n e 9 10 snack__toilet\n e 10 11 toilet__relax\n e 11 12 relax__personalhygiene\n e 12 13 personalhygiene__sleep\n e 13 14 sleep__END\n e 5 6 cleaning__watchtv\n e 4 6 eatingdrinking__watchtv\n e 6 7 watchtv__snack\n e 15 1 outdoors__snack\n e 16 17 snack__relax\n e 17 15 relax__outdoors\n', '', NULL),
(115, 'v 1 SUB_115 \nv 2 work \nd 2 1 work__snack\n\n', 1, 1, 'v 1 snack\nv 2 relax\nv 3 outdoors\nv 4 snack\nv 5 relax\nv 6 mealpreperation\nv 7 eatingdrinking\nv 8 cleaning\nv 9 watchtv\nv 10 snack\nv 11 toilet\nv 12 snack\nv 13 toilet\nv 14 relax\nv 15 personalhygiene\nv 16 sleep\nv 17 END\nv 18 work\n e 1 2 snack__relax\n e 2 3 relax__outdoors\n e 3 4 outdoors__snack\n e 4 5 snack__relax\n e 5 6 relax__mealpreperation\n e 6 7 mealpreperation__eatingdrinking\n e 6 8 mealpreperation__cleaning\n e 10 11 snack__toilet\n e 11 12 toilet__snack\n e 12 13 snack__toilet\n e 13 14 toilet__relax\n e 14 15 relax__personalhygiene\n e 15 16 personalhygiene__sleep\n e 16 17 sleep__END\n e 8 9 cleaning__watchtv\n e 7 9 eatingdrinking__watchtv\n e 9 10 watchtv__snack\n e 18 1 work__snack\n', '', NULL),
(116, 'v 1 SUB_81 \nv 2 groom \nd 2 1 groom__personalhygiene\n\n', 1, 1, 'v 1 personalhygiene\nv 2 sleep\nv 3 toilet\nv 4 sleep\nv 5 END\nv 6 groom\n e 1 2 personalhygiene__sleep\n e 2 3 sleep__toilet\n e 3 4 toilet__sleep\n e 4 5 sleep__END\n e 6 1 groom__personalhygiene\n', '', NULL),
(117, 'v 1 SUB_112 \nv 2 SUB_15 \nd 1 2 toilet__outdoors\n\n', 1, 1, 'v 1 START\nv 2 toilet\nv 3 sleep\nv 4 toilet\nv 5 sleep\nv 6 toilet\nv 7 sleep\nv 8 relax\nv 9 mealpreperation\nv 10 personalhygiene\nv 11 dress\nv 12 groom\nv 13 outdoors\nv 14 toilet\nv 15 outdoors\nv 16 relax\nv 17 outdoors\n e 1 2 START__toilet\n e 2 3 toilet__sleep\n e 3 4 sleep__toilet\n e 4 5 toilet__sleep\n e 5 6 sleep__toilet\n e 6 7 toilet__sleep\n e 7 8 sleep__relax\n e 10 11 personalhygiene__dress\n e 11 12 dress__groom\n e 12 13 groom__outdoors\n e 13 14 outdoors__toilet\n e 8 9 relax__mealpreperation\n e 9 10 mealpreperation__personalhygiene\n e 14 15 toilet__outdoors\n e 15 16 outdoors__relax\n e 16 17 relax__outdoors\n', '', NULL),
(118, 'v 1 SUB_51 \nv 2 relax \nd 2 1 relax__groom\n\n', 1, 1, 'v 1 groom\nv 2 personalhygiene\nv 3 sleep\nv 4 END\nv 5 relax\n e 2 3 personalhygiene__sleep\n e 3 4 sleep__END\n e 1 2 groom__personalhygiene\n e 5 1 relax__groom\n', '', NULL),
(119, 'v 1 SUB_119 \nv 2 SUB_39 \nd 2 1 groom__relax\n\n', 1, 1, 'v 1 relax\nv 2 groom\nv 3 personalhygiene\nv 4 sleep\nv 5 END\nv 6 groom\nv 7 work\n e 3 4 personalhygiene__sleep\n e 4 5 sleep__END\n e 1 2 relax__groom\n e 2 3 groom__personalhygiene\n e 6 1 groom__relax\n e 7 6 work__groom\n', '', NULL),
(120, 'v 1 SUB_118 \nv 2 toilet \nd 1 2 outdoors__toilet\n\n', 1, 1, 'v 1 START\nv 2 toilet\nv 3 sleep\nv 4 toilet\nv 5 sleep\nv 6 toilet\nv 7 sleep\nv 8 relax\nv 9 mealpreperation\nv 10 personalhygiene\nv 11 dress\nv 12 groom\nv 13 outdoors\nv 14 toilet\nv 15 outdoors\nv 16 relax\nv 17 outdoors\nv 18 toilet\n e 1 2 START__toilet\n e 2 3 toilet__sleep\n e 3 4 sleep__toilet\n e 4 5 toilet__sleep\n e 5 6 sleep__toilet\n e 6 7 toilet__sleep\n e 7 8 sleep__relax\n e 10 11 personalhygiene__dress\n e 11 12 dress__groom\n e 12 13 groom__outdoors\n e 13 14 outdoors__toilet\n e 14 15 toilet__outdoors\n e 15 16 outdoors__relax\n e 16 17 relax__outdoors\n e 8 9 relax__mealpreperation\n e 9 10 mealpreperation__personalhygiene\n e 17 18 outdoors__toilet\n', '', NULL),
(121, 'v 1 SUB_121 \nv 2 SUB_2 \nd 1 2 toilet__relax\n\n', 1, 1, 'v 1 START\nv 2 toilet\nv 3 sleep\nv 4 toilet\nv 5 sleep\nv 6 toilet\nv 7 sleep\nv 8 relax\nv 9 mealpreperation\nv 10 personalhygiene\nv 11 dress\nv 12 groom\nv 13 outdoors\nv 14 toilet\nv 15 outdoors\nv 16 relax\nv 17 outdoors\nv 18 toilet\nv 19 relax\nv 20 mealpreperation\nv 21 eatingdrinking\n e 1 2 START__toilet\n e 2 3 toilet__sleep\n e 3 4 sleep__toilet\n e 4 5 toilet__sleep\n e 5 6 sleep__toilet\n e 6 7 toilet__sleep\n e 7 8 sleep__relax\n e 10 11 personalhygiene__dress\n e 11 12 dress__groom\n e 12 13 groom__outdoors\n e 13 14 outdoors__toilet\n e 14 15 toilet__outdoors\n e 15 16 outdoors__relax\n e 16 17 relax__outdoors\n e 17 18 outdoors__toilet\n e 8 9 relax__mealpreperation\n e 9 10 mealpreperation__personalhygiene\n e 18 19 toilet__relax\n e 19 20 relax__mealpreperation\n e 20 21 mealpreperation__eatingdrinking\n', '', NULL),
(122, 'v 1 SUB_94 \nv 2 watchtv \nd 2 1 watchtv__outdoors\n\n', 1, 1, 'v 1 outdoors\nv 2 mealpreperation\nv 3 eatingdrinking\nv 4 relax\nv 5 cleaning\nv 6 personalhygiene\nv 7 outdoors\nv 8 snack\nv 9 relax\nv 10 cleaning\nv 11 relax\nv 12 personalhygiene\nv 13 sleep\nv 14 END\nv 15 watchtv\n e 1 2 outdoors__mealpreperation\n e 2 3 mealpreperation__eatingdrinking\n e 3 4 eatingdrinking__relax\n e 6 7 personalhygiene__outdoors\n e 7 8 outdoors__snack\n e 8 9 snack__relax\n e 11 12 relax__personalhygiene\n e 12 13 personalhygiene__sleep\n e 13 14 sleep__END\n e 4 5 relax__cleaning\n e 5 6 cleaning__personalhygiene\n e 9 10 relax__cleaning\n e 10 11 cleaning__relax\n e 15 1 watchtv__outdoors\n', '', NULL),
(123, 'v 1 SUB_123 \nv 2 personalhygiene \nd 2 1 personalhygiene__watchtv\n\n', 1, 1, 'v 1 watchtv\nv 2 outdoors\nv 3 mealpreperation\nv 4 eatingdrinking\nv 5 relax\nv 6 cleaning\nv 7 personalhygiene\nv 8 outdoors\nv 9 snack\nv 10 relax\nv 11 cleaning\nv 12 relax\nv 13 personalhygiene\nv 14 sleep\nv 15 END\nv 16 personalhygiene\n e 2 3 outdoors__mealpreperation\n e 3 4 mealpreperation__eatingdrinking\n e 4 5 eatingdrinking__relax\n e 7 8 personalhygiene__outdoors\n e 8 9 outdoors__snack\n e 9 10 snack__relax\n e 12 13 relax__personalhygiene\n e 13 14 personalhygiene__sleep\n e 14 15 sleep__END\n e 1 2 watchtv__outdoors\n e 5 6 relax__cleaning\n e 6 7 cleaning__personalhygiene\n e 10 11 relax__cleaning\n e 11 12 cleaning__relax\n e 16 1 personalhygiene__watchtv\n', '', NULL),
(124, 'v 1 SUB_124 \nv 2 SUB_23 \nd 2 1 snack__personalhygiene\n\n', 1, 1, 'v 1 personalhygiene\nv 2 watchtv\nv 3 outdoors\nv 4 mealpreperation\nv 5 eatingdrinking\nv 6 relax\nv 7 cleaning\nv 8 personalhygiene\nv 9 outdoors\nv 10 snack\nv 11 relax\nv 12 cleaning\nv 13 relax\nv 14 personalhygiene\nv 15 sleep\nv 16 END\nv 17 snack\nv 18 personalhygiene\n e 3 4 outdoors__mealpreperation\n e 4 5 mealpreperation__eatingdrinking\n e 5 6 eatingdrinking__relax\n e 8 9 personalhygiene__outdoors\n e 9 10 outdoors__snack\n e 10 11 snack__relax\n e 13 14 relax__personalhygiene\n e 14 15 personalhygiene__sleep\n e 15 16 sleep__END\n e 1 2 personalhygiene__watchtv\n e 2 3 watchtv__outdoors\n e 6 7 relax__cleaning\n e 7 8 cleaning__personalhygiene\n e 11 12 relax__cleaning\n e 12 13 cleaning__relax\n e 17 1 snack__personalhygiene\n e 18 17 personalhygiene__snack\n', '', NULL),
(125, 'v 1 SUB_53 \nv 2 snack \nd 2 1 snack__relax\n\n', 1, 1, 'v 1 relax\nv 2 mealpreperation\nv 3 eatingdrinking\nv 4 personalhygiene\nv 5 relax\nv 6 personalhygiene\nv 7 sleep\nv 8 END\nv 9 snack\n e 1 2 relax__mealpreperation\n e 2 3 mealpreperation__eatingdrinking\n e 5 6 relax__personalhygiene\n e 6 7 personalhygiene__sleep\n e 7 8 sleep__END\n e 3 4 eatingdrinking__personalhygiene\n e 4 5 personalhygiene__relax\n e 9 1 snack__relax\n', '', NULL),
(126, 'v 1 SUB_125 \nv 2 toilet \nd 2 1 toilet__personalhygiene\n\n', 1, 1, 'v 1 personalhygiene\nv 2 snack\nv 3 personalhygiene\nv 4 watchtv\nv 5 outdoors\nv 6 mealpreperation\nv 7 eatingdrinking\nv 8 relax\nv 9 cleaning\nv 10 personalhygiene\nv 11 outdoors\nv 12 snack\nv 13 relax\nv 14 cleaning\nv 15 relax\nv 16 personalhygiene\nv 17 sleep\nv 18 END\nv 19 toilet\n e 1 2 personalhygiene__snack\n e 2 3 snack__personalhygiene\n e 5 6 outdoors__mealpreperation\n e 6 7 mealpreperation__eatingdrinking\n e 7 8 eatingdrinking__relax\n e 10 11 personalhygiene__outdoors\n e 11 12 outdoors__snack\n e 12 13 snack__relax\n e 15 16 relax__personalhygiene\n e 16 17 personalhygiene__sleep\n e 17 18 sleep__END\n e 3 4 personalhygiene__watchtv\n e 4 5 watchtv__outdoors\n e 8 9 relax__cleaning\n e 9 10 cleaning__personalhygiene\n e 13 14 relax__cleaning\n e 14 15 cleaning__relax\n e 19 1 toilet__personalhygiene\n', '', NULL),
(127, 'v 1 SUB_127 \nv 2 relax \nd 2 1 relax__toilet\n\n', 1, 1, 'v 1 toilet\nv 2 personalhygiene\nv 3 snack\nv 4 personalhygiene\nv 5 watchtv\nv 6 outdoors\nv 7 mealpreperation\nv 8 eatingdrinking\nv 9 relax\nv 10 cleaning\nv 11 personalhygiene\nv 12 outdoors\nv 13 snack\nv 14 relax\nv 15 cleaning\nv 16 relax\nv 17 personalhygiene\nv 18 sleep\nv 19 END\nv 20 relax\n e 1 2 toilet__personalhygiene\n e 2 3 personalhygiene__snack\n e 3 4 snack__personalhygiene\n e 6 7 outdoors__mealpreperation\n e 7 8 mealpreperation__eatingdrinking\n e 8 9 eatingdrinking__relax\n e 11 12 personalhygiene__outdoors\n e 12 13 outdoors__snack\n e 13 14 snack__relax\n e 16 17 relax__personalhygiene\n e 17 18 personalhygiene__sleep\n e 18 19 sleep__END\n e 4 5 personalhygiene__watchtv\n e 5 6 watchtv__outdoors\n e 9 10 relax__cleaning\n e 10 11 cleaning__personalhygiene\n e 14 15 relax__cleaning\n e 15 16 cleaning__relax\n e 20 1 relax__toilet\n', '', NULL),
(128, 'v 1 SUB_108 \nv 2 sleep \nd 1 2 toilet__sleep\n\n', 11, 11, 'v 1 START\nv 2 toilet\nv 3 sleep\n e 1 2 START__toilet\n e 2 3 toilet__sleep\n', '', NULL),
(129, 'v 1 SUB_117 \nv 2 snack \nd 2 1 snack__groom\n\n', 1, 1, 'v 1 groom\nv 2 personalhygiene\nv 3 sleep\nv 4 toilet\nv 5 sleep\nv 6 END\nv 7 snack\n e 2 3 personalhygiene__sleep\n e 3 4 sleep__toilet\n e 4 5 toilet__sleep\n e 5 6 sleep__END\n e 1 2 groom__personalhygiene\n e 7 1 snack__groom\n', '', NULL);
INSERT INTO `submeasures` (`idsub`, `subcontent`, `subrep`, `subfreq`, `subelements`, `subsfile`, `numNodes`) VALUES
(130, 'v 1 SUB_122 \nv 2 outdoors \nd 1 2 eatingdrinking__outdoors\n\n', 1, 1, 'v 1 START\nv 2 toilet\nv 3 sleep\nv 4 toilet\nv 5 sleep\nv 6 toilet\nv 7 sleep\nv 8 relax\nv 9 mealpreperation\nv 10 personalhygiene\nv 11 dress\nv 12 groom\nv 13 outdoors\nv 14 toilet\nv 15 outdoors\nv 16 relax\nv 17 outdoors\nv 18 toilet\nv 19 relax\nv 20 mealpreperation\nv 21 eatingdrinking\nv 22 outdoors\n e 1 2 START__toilet\n e 2 3 toilet__sleep\n e 3 4 sleep__toilet\n e 4 5 toilet__sleep\n e 5 6 sleep__toilet\n e 6 7 toilet__sleep\n e 7 8 sleep__relax\n e 10 11 personalhygiene__dress\n e 11 12 dress__groom\n e 12 13 groom__outdoors\n e 13 14 outdoors__toilet\n e 14 15 toilet__outdoors\n e 15 16 outdoors__relax\n e 16 17 relax__outdoors\n e 17 18 outdoors__toilet\n e 18 19 toilet__relax\n e 19 20 relax__mealpreperation\n e 20 21 mealpreperation__eatingdrinking\n e 8 9 relax__mealpreperation\n e 9 10 mealpreperation__personalhygiene\n e 21 22 eatingdrinking__outdoors\n', '', NULL),
(131, 'v 1 SUB_130 \nv 2 SUB_10 \nd 2 1 relax__snack\n\n', 1, 1, 'v 1 snack\nv 2 groom\nv 3 personalhygiene\nv 4 sleep\nv 5 toilet\nv 6 sleep\nv 7 END\nv 8 relax\nv 9 relax\nv 10 mealpreperation\nv 11 eatingdrinking\nv 12 cleaning\n e 3 4 personalhygiene__sleep\n e 4 5 sleep__toilet\n e 5 6 toilet__sleep\n e 6 7 sleep__END\n e 1 2 snack__groom\n e 2 3 groom__personalhygiene\n e 8 1 relax__snack\n e 9 10 relax__mealpreperation\n e 10 11 mealpreperation__eatingdrinking\n e 10 12 mealpreperation__cleaning\n e 11 8 eatingdrinking__relax\n e 12 8 cleaning__relax\n', '', NULL),
(132, 'v 1 SUB_132 \nv 2 snack \nd 2 1 snack__relax\n\n', 1, 1, 'v 1 relax\nv 2 mealpreperation\nv 3 eatingdrinking\nv 4 cleaning\nv 5 relax\nv 6 snack\nv 7 groom\nv 8 personalhygiene\nv 9 sleep\nv 10 toilet\nv 11 sleep\nv 12 END\nv 13 snack\n e 1 2 relax__mealpreperation\n e 2 3 mealpreperation__eatingdrinking\n e 2 4 mealpreperation__cleaning\n e 3 5 eatingdrinking__relax\n e 4 5 cleaning__relax\n e 5 6 relax__snack\n e 8 9 personalhygiene__sleep\n e 9 10 sleep__toilet\n e 10 11 toilet__sleep\n e 11 12 sleep__END\n e 6 7 snack__groom\n e 7 8 groom__personalhygiene\n e 13 1 snack__relax\n', '', NULL),
(133, 'v 1 SUB_116 \nv 2 outdoors \nd 2 1 outdoors__work\n\n', 1, 1, 'v 1 work\nv 2 snack\nv 3 relax\nv 4 outdoors\nv 5 snack\nv 6 relax\nv 7 mealpreperation\nv 8 eatingdrinking\nv 9 cleaning\nv 10 watchtv\nv 11 snack\nv 12 toilet\nv 13 snack\nv 14 toilet\nv 15 relax\nv 16 personalhygiene\nv 17 sleep\nv 18 END\nv 19 outdoors\n e 1 2 work__snack\n e 2 3 snack__relax\n e 3 4 relax__outdoors\n e 4 5 outdoors__snack\n e 5 6 snack__relax\n e 6 7 relax__mealpreperation\n e 7 8 mealpreperation__eatingdrinking\n e 7 9 mealpreperation__cleaning\n e 11 12 snack__toilet\n e 12 13 toilet__snack\n e 13 14 snack__toilet\n e 14 15 toilet__relax\n e 15 16 relax__personalhygiene\n e 16 17 personalhygiene__sleep\n e 17 18 sleep__END\n e 9 10 cleaning__watchtv\n e 8 10 eatingdrinking__watchtv\n e 10 11 watchtv__snack\n e 19 1 outdoors__work\n', '', NULL),
(134, 'v 1 SUB_134 \nv 2 SUB_6 \nd 2 1 toilet__outdoors\n\n', 1, 1, 'v 1 outdoors\nv 2 work\nv 3 snack\nv 4 relax\nv 5 outdoors\nv 6 snack\nv 7 relax\nv 8 mealpreperation\nv 9 eatingdrinking\nv 10 cleaning\nv 11 watchtv\nv 12 snack\nv 13 toilet\nv 14 snack\nv 15 toilet\nv 16 relax\nv 17 personalhygiene\nv 18 sleep\nv 19 END\nv 20 toilet\nv 21 sleep\n e 1 2 outdoors__work\n e 2 3 work__snack\n e 3 4 snack__relax\n e 4 5 relax__outdoors\n e 5 6 outdoors__snack\n e 6 7 snack__relax\n e 7 8 relax__mealpreperation\n e 8 9 mealpreperation__eatingdrinking\n e 8 10 mealpreperation__cleaning\n e 12 13 snack__toilet\n e 13 14 toilet__snack\n e 14 15 snack__toilet\n e 15 16 toilet__relax\n e 16 17 relax__personalhygiene\n e 17 18 personalhygiene__sleep\n e 18 19 sleep__END\n e 10 11 cleaning__watchtv\n e 9 11 eatingdrinking__watchtv\n e 11 12 watchtv__snack\n e 20 1 toilet__outdoors\n e 21 20 sleep__toilet\n', '', NULL),
(135, 'v 1 SUB_63 \nv 2 watchtv \nd 2 1 watchtv__personalhygiene\n\n', 1, 1, 'v 1 personalhygiene\nv 2 read\nv 3 sleep\nv 4 END\nv 5 watchtv\n e 3 4 sleep__END\n e 1 2 personalhygiene__read\n e 2 3 read__sleep\n e 5 1 watchtv__personalhygiene\n', '', NULL),
(136, 'v 1 SUB_133 \nv 2 outdoors \nd 2 1 outdoors__snack\n\n', 1, 1, 'v 1 snack\nv 2 relax\nv 3 mealpreperation\nv 4 eatingdrinking\nv 5 cleaning\nv 6 relax\nv 7 snack\nv 8 groom\nv 9 personalhygiene\nv 10 sleep\nv 11 toilet\nv 12 sleep\nv 13 END\nv 14 outdoors\n e 1 2 snack__relax\n e 2 3 relax__mealpreperation\n e 3 4 mealpreperation__eatingdrinking\n e 3 5 mealpreperation__cleaning\n e 4 6 eatingdrinking__relax\n e 5 6 cleaning__relax\n e 6 7 relax__snack\n e 9 10 personalhygiene__sleep\n e 10 11 sleep__toilet\n e 11 12 toilet__sleep\n e 12 13 sleep__END\n e 7 8 snack__groom\n e 8 9 groom__personalhygiene\n e 14 1 outdoors__snack\n', '', NULL),
(137, 'v 13 personalhygiene\nv 14 work\nd 13 14 personalhygiene__work\n', 1, 1, NULL, '', NULL),
(138, 'v 1 SUB_109 \nv 2 SUB_9 \nd 1 2 outdoors__mealpreperation\n\n', 1, 1, 'v 1 START\nv 2 toilet\nv 3 sleep\nv 4 toilet\nv 5 sleep\nv 6 toilet\nv 7 relax\nv 8 mealpreperation\nv 9 personalhygiene\nv 10 dress\nv 11 personalhygiene\nv 12 outdoors\nv 13 snack\nv 14 eatingdrinking\nv 15 personalhygiene\nv 16 outdoors\nv 17 relax\nv 18 work\nv 19 personalhygiene\nv 20 snack\nv 21 personalhygiene\nv 22 outdoors\nv 23 mealpreperation\nv 24 eatingdrinking\n e 1 2 START__toilet\n e 2 3 toilet__sleep\n e 3 4 sleep__toilet\n e 4 5 toilet__sleep\n e 5 6 sleep__toilet\n e 6 7 toilet__relax\n e 9 10 personalhygiene__dress\n e 10 11 dress__personalhygiene\n e 11 12 personalhygiene__outdoors\n e 12 13 outdoors__snack\n e 15 16 personalhygiene__outdoors\n e 16 17 outdoors__relax\n e 17 18 relax__work\n e 18 19 work__personalhygiene\n e 19 20 personalhygiene__snack\n e 20 21 snack__personalhygiene\n e 21 22 personalhygiene__outdoors\n e 7 8 relax__mealpreperation\n e 8 9 mealpreperation__personalhygiene\n e 13 14 snack__eatingdrinking\n e 14 15 eatingdrinking__personalhygiene\n e 22 23 outdoors__mealpreperation\n e 23 24 mealpreperation__eatingdrinking\n', '', NULL),
(139, 'v 15 bathe\nv 16 groom\nd 15 16 bathe__groom\n', 1, 1, NULL, '', NULL),
(140, 'v 1 SUB_15 \nv 2 SUB_3 \nd 1 2 outdoors__personalhygiene\n\n', 1, 1, 'v 1 outdoors\nv 2 relax\nv 3 outdoors\nv 4 personalhygiene\nv 5 sleep\nv 6 END\n e 2 3 relax__outdoors\n e 1 2 outdoors__relax\n e 3 4 outdoors__personalhygiene\n e 4 5 personalhygiene__sleep\n e 5 6 sleep__END\n', '', NULL),
(141, 'v 1 SUB_42 \nv 2 SUB_14 \nd 2 1 toilet__snack\n\n', 1, 1, 'v 1 snack\nv 2 eatingdrinking\nv 3 toilet\nv 4 mealpreperation\nv 5 relax\n e 1 2 snack__eatingdrinking\n e 3 1 toilet__snack\n e 4 5 mealpreperation__relax\n e 5 3 relax__toilet\n', '', NULL),
(142, 'v 1 SUB_41 \nv 2 SUB_4 \nd 1 2 dress__personalhygiene\n\n', 2, 2, 'v 1 bathe\nv 2 dress\nv 3 personalhygiene\nv 4 outdoors\n e 1 2 bathe__dress\n e 2 3 dress__personalhygiene\n e 3 4 personalhygiene__outdoors\n', '', NULL),
(143, 'v 1 SUB_37 \nv 2 SUB_25 \nd 2 1 relax__personalhygiene\n\n', 1, 1, 'v 1 personalhygiene\nv 2 outdoors\nv 3 relax\nv 4 relax\nv 5 relax\nv 6 mealpreperation\nv 7 eatingdrinking\n e 1 2 personalhygiene__outdoors\n e 2 3 outdoors__relax\n e 4 1 relax__personalhygiene\n e 5 6 relax__mealpreperation\n e 6 7 mealpreperation__eatingdrinking\n e 7 4 eatingdrinking__relax\n', '', NULL),
(144, 'v 1 SUB_12 \nv 2 bathe \nd 2 1 bathe__personalhygiene\n\n', 1, 1, 'v 1 personalhygiene\nv 2 groom\nv 3 bathe\n e 1 2 personalhygiene__groom\n e 3 1 bathe__personalhygiene\n', '', NULL),
(145, 'v 1 SUB_48 \nv 2 relax \nd 2 1 relax__personalhygiene\n\n', 1, 1, 'v 1 personalhygiene\nv 2 groom\nv 3 personalhygiene\nv 4 sleep\nv 5 END\nv 6 relax\n e 1 2 personalhygiene__groom\n e 2 3 groom__personalhygiene\n e 3 4 personalhygiene__sleep\n e 4 5 sleep__END\n e 6 1 relax__personalhygiene\n', '', NULL),
(146, 'v 1 SUB_39 \nv 2 SUB_12 \nd 1 2 groom__personalhygiene\n\n', 1, 1, 'v 1 work\nv 2 groom\nv 3 personalhygiene\nv 4 groom\n e 1 2 work__groom\n e 2 3 groom__personalhygiene\n e 3 4 personalhygiene__groom\n', '', NULL),
(147, 'v 1 SUB_142 \nv 2 cleaning \nd 1 2 eatingdrinking__cleaning\n\n', 1, 1, 'v 1 mealpreperation\nv 2 relax\nv 3 toilet\nv 4 snack\nv 5 eatingdrinking\nv 6 cleaning\n e 1 2 mealpreperation__relax\n e 2 3 relax__toilet\n e 3 4 toilet__snack\n e 4 5 snack__eatingdrinking\n e 5 6 eatingdrinking__cleaning\n', '', NULL),
(148, 'v 1 SUB_140 \nv 2 toilet \nd 1 2 groom__toilet\n\n', 1, 1, 'v 1 bathe\nv 2 groom\nv 3 toilet\n e 1 2 bathe__groom\n e 2 3 groom__toilet\n', '', NULL),
(149, 'v 1 SUB_7 \nv 2 SUB_5 \nd 2 1 relax__personalhygiene\n\n', 1, 1, 'v 1 personalhygiene\nv 2 relax\nv 3 relax\nv 4 snack\n e 1 2 personalhygiene__relax\n e 3 1 relax__personalhygiene\n e 4 3 snack__relax\n', '', NULL),
(150, 'v 1 SUB_139 \nv 2 cleaning \nd 1 2 mealpreperation__cleaning\n\n', 1, 1, 'v 1 START\nv 2 toilet\nv 3 sleep\nv 4 toilet\nv 5 sleep\nv 6 toilet\nv 7 relax\nv 8 mealpreperation\nv 9 personalhygiene\nv 10 dress\nv 11 personalhygiene\nv 12 outdoors\nv 13 snack\nv 14 eatingdrinking\nv 15 personalhygiene\nv 16 outdoors\nv 17 relax\nv 18 work\nv 19 personalhygiene\nv 20 snack\nv 21 personalhygiene\nv 22 outdoors\nv 23 mealpreperation\nv 24 eatingdrinking\nv 25 cleaning\n e 1 2 START__toilet\n e 2 3 toilet__sleep\n e 3 4 sleep__toilet\n e 4 5 toilet__sleep\n e 5 6 sleep__toilet\n e 6 7 toilet__relax\n e 9 10 personalhygiene__dress\n e 10 11 dress__personalhygiene\n e 11 12 personalhygiene__outdoors\n e 12 13 outdoors__snack\n e 15 16 personalhygiene__outdoors\n e 16 17 outdoors__relax\n e 17 18 relax__work\n e 18 19 work__personalhygiene\n e 19 20 personalhygiene__snack\n e 20 21 snack__personalhygiene\n e 21 22 personalhygiene__outdoors\n e 22 23 outdoors__mealpreperation\n e 23 24 mealpreperation__eatingdrinking\n e 7 8 relax__mealpreperation\n e 8 9 mealpreperation__personalhygiene\n e 13 14 snack__eatingdrinking\n e 14 15 eatingdrinking__personalhygiene\n e 23 25 mealpreperation__cleaning\n', '', NULL),
(151, 'v 1 SUB_33 \nv 2 SUB_7 \nd 1 2 snack__personalhygiene\n\n', 1, 1, 'v 1 personalhygiene\nv 2 relax\nv 3 snack\nv 4 personalhygiene\nv 5 relax\n e 1 2 personalhygiene__relax\n e 2 3 relax__snack\n e 3 4 snack__personalhygiene\n e 4 5 personalhygiene__relax\n', '', NULL),
(152, 'v 1 SUB_6 \nv 2 outdoors \nd 2 1 outdoors__sleep\n\n', 1, 1, 'v 1 sleep\nv 2 toilet\nv 3 outdoors\n e 1 2 sleep__toilet\n e 3 1 outdoors__sleep\n', '', NULL),
(153, 'v 1 SUB_8 \nv 2 personalhygiene \nd 2 1 personalhygiene__toilet\n\n', 2, 2, 'v 1 toilet\nv 2 relax\nv 3 personalhygiene\n e 1 2 toilet__relax\n e 3 1 personalhygiene__toilet\n', '', NULL),
(154, 'v 1 SUB_135 \nv 2 work \nd 2 1 work__sleep\n\n', 1, 1, 'v 1 sleep\nv 2 toilet\nv 3 outdoors\nv 4 work\nv 5 snack\nv 6 relax\nv 7 outdoors\nv 8 snack\nv 9 relax\nv 10 mealpreperation\nv 11 eatingdrinking\nv 12 cleaning\nv 13 watchtv\nv 14 snack\nv 15 toilet\nv 16 snack\nv 17 toilet\nv 18 relax\nv 19 personalhygiene\nv 20 sleep\nv 21 END\nv 22 work\n e 1 2 sleep__toilet\n e 2 3 toilet__outdoors\n e 3 4 outdoors__work\n e 4 5 work__snack\n e 5 6 snack__relax\n e 6 7 relax__outdoors\n e 7 8 outdoors__snack\n e 8 9 snack__relax\n e 9 10 relax__mealpreperation\n e 10 11 mealpreperation__eatingdrinking\n e 10 12 mealpreperation__cleaning\n e 14 15 snack__toilet\n e 15 16 toilet__snack\n e 16 17 snack__toilet\n e 17 18 toilet__relax\n e 18 19 relax__personalhygiene\n e 19 20 personalhygiene__sleep\n e 20 21 sleep__END\n e 12 13 cleaning__watchtv\n e 11 13 eatingdrinking__watchtv\n e 13 14 watchtv__snack\n e 22 1 work__sleep\n', '', NULL),
(155, 'v 16 work\nv 17 relax\nd 16 17 work__relax\n', 2, 2, NULL, '', NULL),
(156, 'v 8 mealpreperation\nv 9 relax\nd 8 9 mealpreperation__relax\n', 4, 5, NULL, '', NULL),
(157, 'v 1 SUB_149 \nv 2 SUB_9 \nd 1 2 toilet__mealpreperation\n\n', 1, 1, 'v 1 bathe\nv 2 groom\nv 3 toilet\nv 4 mealpreperation\nv 5 eatingdrinking\n e 2 3 groom__toilet\n e 1 2 bathe__groom\n e 3 4 toilet__mealpreperation\n e 4 5 mealpreperation__eatingdrinking\n', '', NULL);

-- --------------------------------------------------------

--
-- Struttura della tabella `traceid`
--

CREATE TABLE `traceid` (
  `numTrace` varchar(500) NOT NULL,
  `idTrace` varchar(200) NOT NULL
) ENGINE=InnoDB DEFAULT CHARSET=latin1 COLLATE=latin1_swedish_ci COMMENT='traceidwabototal';

--
-- Dump dei dati per la tabella `traceid`
--

INSERT INTO `traceid` (`numTrace`, `idTrace`) VALUES
('1', '11'),
('10', '161'),
('11', '201'),
('12', '221'),
('13', '231'),
('14', '241'),
('2', '21'),
('3', '31'),
('4', '61'),
('5', '71'),
('6', '91'),
('7', '131'),
('8', '141'),
('9', '151');

-- --------------------------------------------------------

--
-- Struttura della tabella `traceiddisconnected`
--

CREATE TABLE `traceiddisconnected` (
  `numTrace` int(11) NOT NULL,
  `id_wf` int(11) NOT NULL
) ENGINE=InnoDB DEFAULT CHARSET=latin1 COLLATE=latin1_swedish_ci;

-- --------------------------------------------------------

--
-- Struttura della tabella `traceidwabo`
--

CREATE TABLE `traceidwabo` (
  `numTrace` varchar(500) NOT NULL,
  `idTrace` varchar(200) NOT NULL
) ENGINE=InnoDB DEFAULT CHARSET=latin1 COLLATE=latin1_swedish_ci COMMENT='traceidwabototal';

-- --------------------------------------------------------

--
-- Struttura della tabella `tracesgraph`
--

CREATE TABLE `tracesgraph` (
  `idgraph` int(11) NOT NULL,
  `numtraces` int(11) NOT NULL
) ENGINE=InnoDB DEFAULT CHARSET=latin1 COLLATE=latin1_swedish_ci;

-- --------------------------------------------------------

--
-- Struttura della tabella `transition`
--

CREATE TABLE `transition` (
  `id` varchar(100) NOT NULL,
  `name` varchar(500) NOT NULL
) ENGINE=InnoDB DEFAULT CHARSET=latin1 COLLATE=latin1_swedish_ci;

--
-- Dump dei dati per la tabella `transition`
--

INSERT INTO `transition` (`id`, `name`) VALUES
('n17', 'START'),
('n18', 'toilet'),
('n19', 'sleep'),
('n20', 'taufromtreen20'),
('n21', 'taufromtreen21'),
('n22', 'mealpreperation'),
('n23', 'taufromtreen23'),
('n24', 'tausplitn24'),
('n25', 'taujoinn25'),
('n26', 'eatingdrinking'),
('n27', 'taufromtreen27'),
('n28', 'cleaning'),
('n29', 'relax'),
('n30', 'snack'),
('n31', 'outdoors'),
('n32', 'taufromtreen32'),
('n33', 'taufromtreen33'),
('n34', 'bathe'),
('n35', 'personalhygiene'),
('n36', 'dress'),
('n37', 'work'),
('n38', 'taufromtreen38'),
('n39', 'groom'),
('n40', 'taufromtreen40'),
('n41', 'taufromtreen41'),
('n42', 'taufromtreen42'),
('n43', 'taufromtreen43'),
('n44', 'END');

--
-- Indici per le tabelle scaricate
--

--
-- Indici per le tabelle `anomalies`
--
ALTER TABLE `anomalies`
  ADD PRIMARY KEY (`id`);

--
-- Indici per le tabelle `anomedges`
--
ALTER TABLE `anomedges`
  ADD PRIMARY KEY (`id`);

--
-- Indici per le tabelle `causalreltau`
--
ALTER TABLE `causalreltau`
  ADD PRIMARY KEY (`id`);

--
-- Indici per le tabelle `covgraph`
--
ALTER TABLE `covgraph`
  ADD PRIMARY KEY (`id`);

--
-- Indici per le tabelle `edge`
--
ALTER TABLE `edge`
  ADD PRIMARY KEY (`id`),
  ADD KEY `i1` (`source`);

--
-- Indici per le tabelle `edges`
--
ALTER TABLE `edges`
  ADD PRIMARY KEY (`id`),
  ADD KEY `id1` (`id1`),
  ADD KEY `id2` (`id2`),
  ADD KEY `label` (`label`);

--
-- Indici per le tabelle `mappingsubtrace`
--
ALTER TABLE `mappingsubtrace`
  ADD PRIMARY KEY (`id`);

--
-- Indici per le tabelle `nodes`
--
ALTER TABLE `nodes`
  ADD PRIMARY KEY (`pos`);

--
-- Indici per le tabelle `place`
--
ALTER TABLE `place`
  ADD PRIMARY KEY (`id`);

--
-- Indici per le tabelle `submeasures`
--
ALTER TABLE `submeasures`
  ADD PRIMARY KEY (`idsub`,`subsfile`);

--
-- Indici per le tabelle `traceid`
--
ALTER TABLE `traceid`
  ADD PRIMARY KEY (`numTrace`);

--
-- Indici per le tabelle `transition`
--
ALTER TABLE `transition`
  ADD PRIMARY KEY (`id`);

--
-- AUTO_INCREMENT per le tabelle scaricate
--

--
-- AUTO_INCREMENT per la tabella `anomalies`
--
ALTER TABLE `anomalies`
  MODIFY `id` int(11) NOT NULL AUTO_INCREMENT, AUTO_INCREMENT=47;

--
-- AUTO_INCREMENT per la tabella `anomedges`
--
ALTER TABLE `anomedges`
  MODIFY `id` int(11) NOT NULL AUTO_INCREMENT;

--
-- AUTO_INCREMENT per la tabella `causalreltau`
--
ALTER TABLE `causalreltau`
  MODIFY `id` int(11) NOT NULL AUTO_INCREMENT;

--
-- AUTO_INCREMENT per la tabella `edges`
--
ALTER TABLE `edges`
  MODIFY `id` int(11) NOT NULL AUTO_INCREMENT, AUTO_INCREMENT=455;

--
-- AUTO_INCREMENT per la tabella `mappingsubtrace`
--
ALTER TABLE `mappingsubtrace`
  MODIFY `id` int(11) NOT NULL AUTO_INCREMENT, AUTO_INCREMENT=351;

--
-- AUTO_INCREMENT per la tabella `nodes`
--
ALTER TABLE `nodes`
  MODIFY `pos` int(11) NOT NULL AUTO_INCREMENT, AUTO_INCREMENT=455;
COMMIT;

/*!40101 SET CHARACTER_SET_CLIENT=@OLD_CHARACTER_SET_CLIENT */;
/*!40101 SET CHARACTER_SET_RESULTS=@OLD_CHARACTER_SET_RESULTS */;
/*!40101 SET COLLATION_CONNECTION=@OLD_COLLATION_CONNECTION */;
